,id1,id2
0,1004,474
1,1004,2415
2,101,84
3,101,44
4,101,2035
5,101,393
6,101,71
7,101,632
8,101,1954
9,101,1843
10,101,1429
11,101,214
12,101,26
13,101,1117
14,101,579
15,101,1580
16,101,1210
17,101,65
18,101,1094
19,101,1469
20,101,1348
21,101,178
22,101,206
23,101,2184
24,101,2589
25,101,2649
26,101,2243
27,101,2876
28,101,2697
29,101,2284
30,101,2789
31,101,2208
32,101,2492
33,101,2452
34,101,2758
35,101,2073
36,1010,2415
37,1013,1352
38,1016,2695
39,1016,558
40,1019,2844
41,1019,2415
42,1022,2851
43,1022,3047
44,1022,99
45,1031,2843
46,1031,1277
47,1031,1938
48,1037,1893
49,1040,840
50,1040,432
51,1040,80
52,1043,785
53,1046,1338
54,1055,2382
55,1055,2098
56,1061,2111
57,1061,2098
58,1061,1186
59,1064,444
60,1064,2098
61,1067,2415
62,1067,714
63,1067,1087
64,107,393
65,107,1325
66,107,2044
67,107,2710
68,107,2517
69,107,2649
70,1070,2415
71,1070,3047
72,1073,2098
73,1079,546
74,1082,3047
75,1082,328
76,1091,162
77,11,2832
78,110,1173
79,110,545
80,1100,947
81,1103,1730
82,1106,924
83,1109,2098
84,1112,2903
85,1124,598
86,1124,2270
87,1124,2723
88,1124,2422
89,1124,2514
90,1127,2300
91,113,808
92,113,286
93,113,332
94,113,1567
95,113,757
96,1130,2223
97,1130,1065
98,1133,395
99,1139,710
100,1139,2098
101,1145,1295
102,1154,1416
103,1157,31
104,1157,1565
105,1157,60
106,1157,2098
107,116,1736
108,116,480
109,1160,894
110,1160,778
111,1163,279
112,1166,650
113,1166,2923
114,1169,2216
115,1172,1928
116,1187,60
117,1187,1565
118,1187,31
119,1187,2098
120,119,2289
121,1190,2203
122,1190,596
123,1193,461
124,1193,2098
125,1199,2098
126,1202,279
127,1205,669
128,1205,2203
129,1208,2943
130,1214,1866
131,1217,2143
132,1217,1645
133,1217,948
134,1217,1942
135,1217,1925
136,122,2288
137,122,1435
138,122,436
139,122,1955
140,122,1390
141,122,1617
142,122,44
143,122,1607
144,1220,452
145,1223,2415
146,1226,2203
147,1229,3047
148,1238,2923
149,1238,633
150,1247,56
151,125,170
152,125,1633
153,125,1358
154,125,577
155,125,1446
156,125,1901
157,125,1985
158,1253,3004
159,1253,2923
160,1262,543
161,1262,1675
162,1262,382
163,1262,194
164,1265,922
165,1268,2098
166,1271,2541
167,1274,2098
168,1277,2003
169,1277,805
170,128,808
171,128,33
172,128,286
173,128,1583
174,128,13
175,128,2965
176,128,2721
177,128,2832
178,1280,2267
179,1286,517
180,1286,580
181,1286,142
182,1286,2098
183,1289,2098
184,1295,1565
185,131,2243
186,131,2208
187,131,2758
188,131,2697
189,131,2452
190,131,2492
191,131,2876
192,131,2288
193,131,2589
194,131,3065
195,131,2789
196,131,2073
197,131,2649
198,131,1469
199,131,44
200,131,1094
201,131,1348
202,131,178
203,131,206
204,131,1923
205,131,2035
206,131,579
207,131,1117
208,131,26
209,131,71
210,131,1607
211,131,1429
212,131,393
213,131,1843
214,131,1617
215,131,1954
216,131,1435
217,131,1210
218,1310,1206
219,1313,1084
220,1316,580
221,1316,142
222,1316,517
223,1316,2098
224,1319,151
225,1322,2674
226,1328,1344
227,1334,591
228,1337,2090
229,134,1123
230,134,197
231,134,13
232,134,198
233,134,119
234,134,1583
235,134,2721
236,134,2954
237,134,2832
238,1340,1115
239,1340,2203
240,1340,2399
241,1349,1167
242,1349,2098
243,1358,2098
244,1361,2889
245,1361,1393
246,137,1954
247,137,93
248,137,1610
249,137,2213
250,1370,655
251,1373,1694
252,1373,1296
253,1376,1503
254,1379,192
255,1388,154
256,1391,2111
257,1391,602
258,14,44
259,14,1469
260,14,1348
261,14,1117
262,14,2035
263,14,1843
264,14,1429
265,14,1390
266,14,1954
267,14,178
268,14,332
269,14,26
270,14,467
271,14,73
272,14,206
273,14,707
274,14,393
275,14,71
276,14,1094
277,14,1210
278,14,579
279,14,2492
280,14,2758
281,14,2452
282,14,2589
283,14,2073
284,14,2208
285,14,2894
286,14,2876
287,14,2789
288,14,2649
289,14,2184
290,14,2697
291,14,2243
292,140,579
293,140,1429
294,140,1094
295,140,71
296,140,26
297,140,867
298,140,1954
299,140,171
300,140,44
301,140,206
302,140,2035
303,140,393
304,140,1117
305,140,1210
306,140,1843
307,140,1348
308,140,178
309,140,1469
310,140,2452
311,140,2758
312,140,2697
313,140,2208
314,140,2073
315,140,2589
316,140,2243
317,140,2492
318,140,2649
319,140,2876
320,140,2789
321,140,2184
322,1409,382
323,1412,532
324,1412,584
325,1415,192
326,1415,1588
327,1424,1028
328,143,895
329,143,1280
330,1430,3038
331,1436,2226
332,1439,1237
333,1442,2223
334,1448,2950
335,1451,935
336,1454,2564
337,1457,596
338,1469,973
339,1469,2128
340,1469,2207
341,1475,870
342,1478,279
343,1481,1678
344,1484,238
345,149,2901
346,149,960
347,1502,2227
348,1502,3038
349,1502,1542
350,1502,1872
351,1505,3038
352,1508,1629
353,1508,705
354,1511,3038
355,1514,257
356,152,2288
357,152,44
358,152,1607
359,152,1617
360,152,1435
361,1520,1427
362,1535,3038
363,1535,1542
364,1538,3038
365,1541,723
366,1547,1058
367,155,2069
368,155,26
369,155,44
370,155,71
371,155,2035
372,155,1469
373,155,1429
374,155,178
375,155,206
376,155,1348
377,155,1210
378,155,1843
379,155,393
380,155,1117
381,155,1094
382,155,579
383,155,2492
384,155,2589
385,155,2452
386,155,2208
387,155,2136
388,155,2184
389,155,2758
390,155,2789
391,155,2649
392,155,2243
393,155,2697
394,155,2876
395,155,2073
396,1550,289
397,1550,153
398,1550,192
399,1556,2254
400,1556,2929
401,1559,3012
402,1562,1731
403,1565,1629
404,1565,1496
405,1565,3038
406,1568,914
407,1568,192
408,1571,1645
409,1571,120
410,1574,1542
411,1574,3038
412,1577,2111
413,158,2213
414,158,3087
415,158,29
416,1583,3038
417,1583,1205
418,1598,617
419,1598,675
420,1598,2377
421,1607,805
422,161,44
423,161,679
424,161,1210
425,161,97
426,161,1843
427,161,1469
428,161,1896
429,161,71
430,161,1954
431,161,1429
432,161,26
433,161,579
434,161,178
435,161,1583
436,161,2035
437,161,1348
438,161,1117
439,161,1094
440,161,206
441,161,393
442,161,2208
443,161,2589
444,161,2243
445,161,2832
446,161,2876
447,161,2789
448,161,2452
449,161,2184
450,161,2721
451,161,2649
452,161,2073
453,161,2758
454,161,2160
455,161,2492
456,1610,153
457,1613,2326
458,1619,1871
459,1619,1872
460,1622,3038
461,1622,2387
462,1622,1489
463,1628,995
464,1631,1430
465,1634,2003
466,1634,1957
467,1637,1799
468,1637,1321
469,164,2832
470,164,2721
471,164,1583
472,164,1901
473,164,775
474,164,13
475,164,197
476,164,119
477,1640,1735
478,1643,520
479,1643,1645
480,1643,948
481,1643,1370
482,1643,1560
483,1643,1925
484,1652,1672
485,1661,549
486,167,2035
487,167,1210
488,167,1843
489,167,26
490,167,1348
491,167,1094
492,167,393
493,167,1617
494,167,44
495,167,206
496,167,1117
497,167,181
498,167,1607
499,167,178
500,167,52
501,167,579
502,167,1429
503,167,1954
504,167,1435
505,167,71
506,167,3
507,167,1469
508,167,84
509,167,2649
510,167,2452
511,167,2184
512,167,2697
513,167,2208
514,167,3065
515,167,2243
516,167,2876
517,167,2589
518,167,2492
519,167,2789
520,167,2288
521,167,2073
522,167,2758
523,1670,3002
524,1673,738
525,1685,1205
526,1688,2067
527,1694,1267
528,1697,855
529,1697,838
530,17,492
531,170,680
532,1700,1441
533,1700,1829
534,1700,1691
535,1703,1033
536,1703,3038
537,1703,2921
538,1706,962
539,1706,1645
540,1706,2183
541,1709,1445
542,1724,1629
543,1727,1478
544,173,1348
545,173,1607
546,173,1843
547,173,1617
548,173,1388
549,173,393
550,173,2492
551,173,2697
552,173,2452
553,173,3065
554,173,2556
555,173,2208
556,173,2589
557,173,2758
558,1730,3038
559,1730,1025
560,1733,134
561,1733,323
562,1736,3038
563,1739,562
564,1742,2235
565,1742,883
566,1745,834
567,1748,3038
568,1754,3097
569,176,51
570,176,559
571,176,175
572,176,65
573,1760,1235
574,1769,3038
575,1772,174
576,1784,2375
577,179,1066
578,1790,1235
579,1793,2003
580,1799,1316
581,1802,3038
582,1808,2016
583,1811,2762
584,182,491
585,182,1100
586,1826,3038
587,1826,317
588,1835,168
589,1835,100
590,1841,2995
591,185,340
592,185,52
593,185,241
594,185,2044
595,185,1824
596,185,1617
597,185,2547
598,185,2789
599,185,2467
600,185,2894
601,185,2211
602,1850,2121
603,1850,1856
604,1856,3038
605,1856,838
606,1856,1205
607,1856,1151
608,1856,855
609,1862,2450
610,1862,2571
611,1862,1951
612,1862,1577
613,1868,2114
614,1871,973
615,1871,1441
616,1871,1853
617,1871,2205
618,1871,2079
619,1871,2562
620,1871,2930
621,1874,2023
622,1877,1658
623,188,1357
624,188,1236
625,188,756
626,188,1059
627,1892,3038
628,1898,315
629,1901,2101
630,1907,141
631,1907,431
632,191,1469
633,191,214
634,191,343
635,1913,610
636,1913,1205
637,1919,2450
638,1922,622
639,1925,950
640,1928,575
641,1928,2921
642,1934,2119
643,1937,2620
644,194,943
645,194,1388
646,194,2362
647,194,2474
648,194,2697
649,194,2589
650,194,2467
651,1940,3038
652,1940,1278
653,1940,1205
654,1943,2569
655,1946,973
656,1946,311
657,1949,1114
658,1952,2223
659,1955,431
660,1967,1182
661,197,2467
662,197,2577
663,1970,1554
664,1979,2786
665,1979,2003
666,1982,981
667,1985,431
668,1988,1126
669,1994,753
670,1994,1205
671,1994,610
672,1994,3038
673,2,152
674,2,178
675,2,1037
676,2,177
677,2,1567
678,2,478
679,2,2856
680,2,2228
681,20,2467
682,20,1617
683,20,241
684,200,1094
685,200,1117
686,200,393
687,200,553
688,200,1843
689,200,1210
690,200,71
691,200,2035
692,200,1897
693,200,44
694,200,1348
695,200,26
696,200,1469
697,200,206
698,200,178
699,200,1429
700,200,2589
701,200,2664
702,200,2452
703,200,2073
704,200,2876
705,200,2243
706,200,2789
707,200,2697
708,200,2758
709,200,2492
710,200,2649
711,2012,2003
712,2018,820
713,2024,859
714,2027,980
715,2036,2995
716,2042,1990
717,2042,2257
718,2042,2754
719,2045,2276
720,2045,2114
721,2048,2026
722,2048,2853
723,2048,2996
724,2051,1634
725,2054,1682
726,206,1628
727,206,27
728,206,110
729,206,178
730,206,2856
731,206,2228
732,2060,3059
733,2063,1660
734,2066,1395
735,2075,1990
736,2075,2257
737,2075,2754
738,2081,360
739,2087,1575
740,2087,2567
741,209,2589
742,209,2492
743,209,2697
744,209,2876
745,209,2979
746,209,2243
747,209,2649
748,209,2758
749,209,2789
750,209,2073
751,209,2452
752,209,2208
753,209,206
754,209,579
755,209,1469
756,209,1210
757,209,2035
758,209,44
759,209,26
760,209,1117
761,209,71
762,209,1843
763,209,1094
764,209,1954
765,209,1348
766,209,1429
767,209,178
768,209,367
769,209,393
770,2093,2174
771,2093,1409
772,2096,2047
773,2108,1514
774,2111,2269
775,2111,3038
776,2111,610
777,2111,709
778,2114,751
779,2117,3038
780,2117,1205
781,212,393
782,212,1388
783,212,1843
784,212,1954
785,212,2208
786,212,2758
787,212,2657
788,212,2589
789,212,2492
790,212,2452
791,212,2680
792,212,2697
793,2120,2441
794,2120,1205
795,2123,1729
796,2126,2513
797,2132,1521
798,2138,2820
799,2138,1365
800,2138,973
801,2141,973
802,2141,185
803,2144,2223
804,2144,949
805,2144,973
806,2147,268
807,2147,2003
808,2147,228
809,215,2667
810,215,3061
811,215,1109
812,2150,1086
813,2156,3097
814,2174,951
815,2174,771
816,2180,3097
817,2183,2339
818,2186,1806
819,2192,2921
820,2192,3038
821,2192,411
822,2198,2450
823,2198,1951
824,2201,2262
825,2201,2838
826,221,2697
827,221,2284
828,221,2184
829,221,2452
830,221,2073
831,221,2243
832,221,2789
833,221,2208
834,221,2876
835,221,2492
836,221,214
837,221,2035
838,221,1429
839,221,206
840,221,1469
841,221,1210
842,221,26
843,221,1094
844,221,1117
845,221,71
846,221,1843
847,2210,514
848,2216,57
849,2216,2269
850,2219,1606
851,2219,1428
852,2225,2820
853,2228,2255
854,224,107
855,224,506
856,224,2954
857,224,2317
858,2240,2921
859,2243,681
860,2246,1266
861,2249,2114
862,2249,2269
863,2261,2782
864,2264,1449
865,227,1901
866,227,2664
867,227,2667
868,227,2510
869,227,2284
870,2270,3097
871,2273,1569
872,2273,2276
873,2276,2567
874,2282,968
875,2285,945
876,2285,2269
877,2285,2121
878,2291,1250
879,2294,2224
880,23,2697
881,23,3087
882,23,2364
883,23,1662
884,23,29
885,23,502
886,23,1712
887,230,88
888,230,2978
889,230,2467
890,230,2248
891,230,2211
892,2303,1097
893,2306,439
894,2312,2468
895,2315,968
896,2321,1004
897,2321,672
898,2321,846
899,2324,1163
900,2324,2269
901,2327,539
902,2327,1910
903,2330,2398
904,2333,597
905,2336,871
906,2345,973
907,2351,1412
908,2357,2017
909,236,1954
910,236,241
911,2360,1488
912,2363,1205
913,2363,3038
914,2366,1418
915,2369,1089
916,2372,2631
917,2375,275
918,2378,2393
919,2381,934
920,2384,2269
921,2384,3038
922,239,1388
923,239,2697
924,239,2474
925,239,2589
926,2399,1143
927,2402,1086
928,2408,885
929,2411,1264
930,2411,1549
931,2411,1629
932,2417,973
933,2417,1204
934,2417,2617
935,242,3082
936,242,3069
937,242,3024
938,242,438
939,242,1147
940,242,929
941,2420,2030
942,2423,2153
943,2426,3003
944,2426,1218
945,2429,1409
946,2432,540
947,2435,3097
948,2435,1461
949,2438,1101
950,2441,2420
951,2444,1205
952,2447,973
953,2447,1204
954,2447,2617
955,245,1388
956,2453,3038
957,2456,2021
958,2462,156
959,2465,1402
960,2465,2171
961,2465,2991
962,2468,473
963,2477,1608
964,248,2625
965,248,2389
966,248,2089
967,2480,1138
968,2480,1887
969,2483,1171
970,2483,2207
971,2492,421
972,2492,598
973,2495,1619
974,2498,205
975,2498,1960
976,2507,1608
977,251,3082
978,2510,1677
979,2513,2738
980,2519,2425
981,2528,866
982,2531,1030
983,2537,1088
984,2540,985
985,2543,2006
986,2546,1426
987,2546,1400
988,2552,497
989,2555,276
990,2558,1668
991,2558,3097
992,2567,1493
993,2567,1899
994,2567,2114
995,257,292
996,257,512
997,257,1580
998,257,2721
999,2570,2165
1000,2570,1806
1001,2573,2127
1002,2576,2458
1003,2576,869
1004,2576,1138
1005,2579,1899
1006,2579,1552
1007,2579,2114
1008,2582,3012
1009,2582,2498
1010,2591,479
1011,2591,212
1012,2597,1148
1013,26,2735
1014,26,2261
1015,26,454
1016,26,1207
1017,26,1286
1018,260,1358
1019,260,187
1020,260,1580
1021,260,808
1022,260,1954
1023,260,2710
1024,260,3065
1025,2600,1597
1026,2600,440
1027,2600,1750
1028,2603,1757
1029,2609,2487
1030,2609,2269
1031,2612,1552
1032,2612,1899
1033,2612,2114
1034,2615,2949
1035,2627,524
1036,263,74
1037,263,188
1038,263,2228
1039,263,3065
1040,2630,1506
1041,2633,2269
1042,2633,1552
1043,2633,1205
1044,2639,2838
1045,2642,733
1046,2645,2094
1047,2648,734
1048,2657,652
1049,266,959
1050,2660,1174
1051,2660,2121
1052,2660,2269
1053,2663,1575
1054,2666,801
1055,2669,627
1056,2669,729
1057,2669,684
1058,2672,2410
1059,2675,2269
1060,2687,1691
1061,269,397
1062,269,393
1063,269,241
1064,269,341
1065,269,2158
1066,2690,954
1067,2693,1749
1068,2693,2351
1069,2693,2473
1070,2702,1176
1071,2702,141
1072,2705,239
1073,2708,109
1074,272,2317
1075,272,2492
1076,272,2589
1077,272,2697
1078,272,2758
1079,272,2208
1080,272,2452
1081,272,2256
1082,272,3065
1083,272,1388
1084,272,1348
1085,272,1358
1086,272,763
1087,272,1313
1088,272,410
1089,272,1843
1090,272,1885
1091,272,393
1092,2720,2132
1093,2720,2003
1094,2723,1114
1095,2726,1148
1096,2726,1505
1097,2729,3097
1098,2729,521
1099,2732,1644
1100,2732,2092
1101,2738,2853
1102,2738,2026
1103,2738,1738
1104,2741,1972
1105,2744,484
1106,2744,609
1107,2744,2838
1108,2747,2493
1109,2747,973
1110,2747,1266
1111,275,1358
1112,275,1388
1113,275,170
1114,275,393
1115,275,1348
1116,275,1843
1117,275,2697
1118,275,2758
1119,275,2664
1120,275,2452
1121,275,2492
1122,275,2589
1123,2753,373
1124,2756,711
1125,2756,671
1126,2762,976
1127,278,2452
1128,278,2758
1129,278,2492
1130,278,2697
1131,278,2208
1132,278,1388
1133,278,393
1134,278,1843
1135,278,1348
1136,278,410
1137,2783,1360
1138,2795,745
1139,2798,1222
1140,2801,1866
1141,281,1239
1142,281,1954
1143,281,1617
1144,281,1607
1145,281,1610
1146,281,1154
1147,281,3065
1148,2813,1657
1149,2816,136
1150,2819,228
1151,2819,268
1152,2825,654
1153,2828,2513
1154,2831,2929
1155,2831,2741
1156,2831,2254
1157,284,1617
1158,284,393
1159,284,1607
1160,284,1348
1161,284,1843
1162,284,1954
1163,284,1500
1164,284,2208
1165,284,2589
1166,284,2492
1167,284,2697
1168,284,2758
1169,2840,2003
1170,2843,745
1171,2843,2255
1172,2846,942
1173,2846,1770
1174,2849,560
1175,2852,1639
1176,2855,1497
1177,2858,1225
1178,2861,1862
1179,2867,3040
1180,2876,941
1181,2876,3097
1182,2879,932
1183,2879,1241
1184,2879,964
1185,2882,1172
1186,2882,1599
1187,2885,191
1188,2888,1809
1189,2891,225
1190,2891,147
1191,2894,2026
1192,2894,2039
1193,2894,2853
1194,2897,1396
1195,2897,1420
1196,29,3
1197,29,1359
1198,29,2856
1199,29,2547
1200,290,22
1201,2906,347
1202,2909,1329
1203,2912,2976
1204,2918,816
1205,2918,957
1206,2924,2223
1207,2924,1166
1208,2927,1409
1209,2927,1768
1210,293,393
1211,293,1843
1212,293,1954
1213,293,1348
1214,293,1388
1215,293,2452
1216,293,2965
1217,293,2208
1218,293,2758
1219,293,2492
1220,293,2697
1221,293,2589
1222,2933,1396
1223,2933,1420
1224,2936,1230
1225,2936,1249
1226,2942,942
1227,2945,2166
1228,2948,977
1229,2951,2070
1230,2954,1597
1231,2954,903
1232,2966,3019
1233,2969,1962
1234,2969,1641
1235,2972,1403
1236,2981,441
1237,2984,1232
1238,2984,1516
1239,2987,1389
1240,299,393
1241,299,644
1242,2993,1879
1243,3002,653
1244,3005,1010
1245,3011,123
1246,3014,978
1247,3014,1767
1248,3014,1651
1249,3014,2719
1250,302,3082
1251,302,3065
1252,302,393
1253,302,1955
1254,302,427
1255,302,1617
1256,302,1607
1257,3020,2403
1258,3023,1551
1259,3023,1713
1260,3026,356
1261,3029,1740
1262,3038,893
1263,3044,3097
1264,305,1485
1265,305,1032
1266,3050,1696
1267,3050,1271
1268,3053,865
1269,3056,1302
1270,3059,1916
1271,3071,2223
1272,3071,1886
1273,3077,1263
1274,3077,1150
1275,308,2208
1276,308,3065
1277,308,2758
1278,308,2492
1279,308,2697
1280,308,2589
1281,308,1617
1282,308,1607
1283,308,1348
1284,308,393
1285,308,1388
1286,308,1843
1287,3080,673
1288,3083,226
1289,3086,1710
1290,3089,865
1291,3092,2854
1292,3098,2191
1293,3101,500
1294,3104,2125
1295,3104,2437
1296,3104,1131
1297,311,1239
1298,3110,2670
1299,3110,3097
1300,3110,846
1301,3110,919
1302,3113,1181
1303,3113,1635
1304,3116,2636
1305,3116,1000
1306,3119,309
1307,3122,2477
1308,3122,1948
1309,3122,1666
1310,3125,1605
1311,3128,1529
1312,3137,500
1313,314,2208
1314,314,2758
1315,314,2492
1316,314,2697
1317,314,2211
1318,314,1843
1319,314,1348
1320,314,393
1321,314,1388
1322,314,1954
1323,3140,126
1324,3143,1285
1325,3146,434
1326,3149,913
1327,3155,1183
1328,3158,1038
1329,3158,1741
1330,317,615
1331,317,1348
1332,317,1843
1333,317,1236
1334,317,867
1335,317,1388
1336,317,1104
1337,317,393
1338,317,2758
1339,317,2697
1340,317,2452
1341,317,2492
1342,317,2589
1343,3170,1196
1344,3173,1673
1345,3176,1409
1346,3179,691
1347,3182,363
1348,3185,1318
1349,3185,1377
1350,3188,225
1351,3188,846
1352,3188,147
1353,3191,1532
1354,3191,973
1355,3191,1356
1356,3194,498
1357,3194,991
1358,3194,1266
1359,32,3065
1360,32,2710
1361,32,2213
1362,32,1
1363,32,1607
1364,32,78
1365,32,7
1366,32,62
1367,32,1610
1368,320,3097
1369,320,2787
1370,3200,365
1371,3203,2838
1372,3203,968
1373,3206,363
1374,3209,990
1375,3209,1256
1376,3218,1365
1377,3218,973
1378,3218,1266
1379,3218,1646
1380,3218,1486
1381,3224,2995
1382,3224,2729
1383,323,1502
1384,323,2350
1385,323,2547
1386,323,2167
1387,323,2894
1388,3230,1211
1389,3239,2327
1390,3239,973
1391,3239,1409
1392,3242,2719
1393,3242,2138
1394,3242,1651
1395,3242,978
1396,3242,1767
1397,3245,2995
1398,326,1607
1399,326,1617
1400,326,1843
1401,326,1388
1402,326,1954
1403,326,393
1404,326,1348
1405,326,2758
1406,326,2492
1407,326,3065
1408,326,2697
1409,326,2452
1410,326,2208
1411,329,22
1412,332,2697
1413,332,1712
1414,335,1348
1415,335,213
1416,335,965
1417,335,1843
1418,335,404
1419,335,1388
1420,335,1954
1421,335,393
1422,335,209
1423,335,2452
1424,335,2208
1425,335,2758
1426,335,2697
1427,335,2737
1428,335,2492
1429,335,2397
1430,335,2364
1431,338,2967
1432,338,2044
1433,338,83
1434,338,1358
1435,338,1901
1436,341,1227
1437,344,1843
1438,344,1348
1439,344,393
1440,344,1954
1441,344,1388
1442,344,2589
1443,344,2208
1444,344,2452
1445,344,2965
1446,344,2697
1447,344,2492
1448,344,2758
1449,347,2228
1450,347,2721
1451,347,1381
1452,347,1650
1453,347,1388
1454,35,2452
1455,35,2649
1456,35,2876
1457,35,2184
1458,35,2492
1459,35,2243
1460,35,2758
1461,35,2073
1462,35,2208
1463,35,2789
1464,35,393
1465,35,707
1466,35,1094
1467,35,71
1468,35,1348
1469,35,1117
1470,35,467
1471,35,45
1472,35,178
1473,35,579
1474,35,1469
1475,35,1358
1476,35,1954
1477,35,808
1478,35,1995
1479,35,44
1480,35,26
1481,35,2035
1482,35,332
1483,35,1580
1484,35,206
1485,35,1843
1486,35,1390
1487,35,1429
1488,35,1210
1489,35,286
1490,353,2492
1491,353,2089
1492,353,2317
1493,353,2697
1494,353,2452
1495,353,2758
1496,353,2589
1497,353,2954
1498,353,98
1499,353,943
1500,353,247
1501,353,1954
1502,353,1388
1503,356,2744
1504,356,2721
1505,356,943
1506,356,314
1507,359,943
1508,359,341
1509,362,1105
1510,365,2317
1511,365,2954
1512,365,944
1513,368,2231
1514,371,943
1515,374,135
1516,377,1388
1517,377,1954
1518,377,943
1519,377,2589
1520,377,2201
1521,377,2452
1522,377,2758
1523,377,2492
1524,377,2697
1525,38,1117
1526,38,332
1527,38,1469
1528,38,393
1529,38,71
1530,38,1429
1531,38,1348
1532,38,1094
1533,38,707
1534,38,1210
1535,38,44
1536,38,467
1537,38,26
1538,38,1390
1539,38,579
1540,38,1843
1541,38,2035
1542,38,206
1543,38,178
1544,38,2789
1545,38,2073
1546,38,2452
1547,38,2649
1548,38,2243
1549,38,2208
1550,38,2492
1551,38,2589
1552,38,2697
1553,38,2758
1554,38,2876
1555,38,2184
1556,380,1954
1557,380,1027
1558,383,1071
1559,383,1022
1560,383,2211
1561,383,3060
1562,386,119
1563,386,69
1564,386,3065
1565,386,2467
1566,386,2721
1567,389,2452
1568,389,2105
1569,389,2967
1570,392,371
1571,392,807
1572,392,943
1573,392,476
1574,395,1954
1575,395,1388
1576,395,790
1577,395,2452
1578,395,2758
1579,395,2846
1580,395,2492
1581,395,2697
1582,395,2589
1583,401,1498
1584,401,1954
1585,401,2492
1586,401,2589
1587,401,2758
1588,401,2452
1589,401,2697
1590,404,1992
1591,404,2589
1592,404,2663
1593,41,197
1594,41,2044
1595,41,3
1596,41,3018
1597,410,943
1598,410,2330
1599,410,2965
1600,416,1468
1601,416,1986
1602,416,1617
1603,416,2248
1604,416,2540
1605,416,3065
1606,416,2467
1607,419,186
1608,419,1954
1609,419,2577
1610,422,2894
1611,425,2231
1612,425,2577
1613,428,943
1614,428,620
1615,434,1462
1616,434,685
1617,434,2954
1618,437,1617
1619,437,3065
1620,437,2837
1621,44,413
1622,440,943
1623,440,1689
1624,443,1704
1625,443,2248
1626,443,2467
1627,446,1323
1628,446,943
1629,452,1388
1630,452,417
1631,452,2697
1632,452,2589
1633,452,2474
1634,455,2975
1635,455,701
1636,455,200
1637,455,918
1638,458,176
1639,464,943
1640,467,1824
1641,467,943
1642,47,2577
1643,47,1192
1644,476,2577
1645,479,2378
1646,485,2576
1647,485,299
1648,485,943
1649,485,690
1650,488,132
1651,488,1388
1652,488,943
1653,488,2697
1654,488,2474
1655,488,2589
1656,491,426
1657,491,216
1658,494,2697
1659,494,2589
1660,494,2474
1661,494,1579
1662,494,1388
1663,497,1617
1664,497,3084
1665,5,2517
1666,5,1676
1667,5,393
1668,5,193
1669,5,480
1670,5,438
1671,5,635
1672,50,2667
1673,50,1359
1674,50,1109
1675,503,2248
1676,503,2397
1677,503,2467
1678,503,2986
1679,503,965
1680,506,2480
1681,509,1617
1682,509,1388
1683,509,2697
1684,509,2589
1685,509,2474
1686,512,2572
1687,515,2697
1688,515,2474
1689,515,2589
1690,515,943
1691,515,253
1692,515,300
1693,515,1388
1694,518,364
1695,518,943
1696,518,1617
1697,518,2231
1698,521,2721
1699,521,2975
1700,521,74
1701,521,943
1702,521,188
1703,521,1617
1704,524,2308
1705,524,2509
1706,53,1357
1707,53,94
1708,53,979
1709,53,1429
1710,533,1388
1711,533,2474
1712,533,2697
1713,533,2589
1714,536,2613
1715,536,943
1716,539,2259
1717,548,943
1718,548,556
1719,548,2721
1720,551,943
1721,551,588
1722,554,428
1723,554,1388
1724,554,2474
1725,557,1388
1726,557,943
1727,557,2474
1728,56,1376
1729,56,454
1730,56,1367
1731,56,1482
1732,560,841
1733,560,1361
1734,560,1388
1735,560,2589
1736,560,2697
1737,560,2474
1738,563,2697
1739,563,2474
1740,563,1388
1741,563,943
1742,566,1778
1743,566,2233
1744,566,2694
1745,572,341
1746,572,319
1747,572,397
1748,572,1021
1749,572,2089
1750,572,2518
1751,572,2158
1752,572,2474
1753,572,2589
1754,572,2697
1755,575,1926
1756,581,40
1757,581,943
1758,581,117
1759,581,1388
1760,584,1992
1761,584,765
1762,587,2158
1763,587,528
1764,587,341
1765,590,2478
1766,590,2721
1767,590,545
1768,590,1388
1769,593,1388
1770,593,943
1771,593,2474
1772,596,943
1773,596,2474
1774,596,2596
1775,599,2248
1776,602,1986
1777,602,2467
1778,602,2248
1779,602,2744
1780,608,148
1781,608,943
1782,608,223
1783,611,943
1784,611,433
1785,614,476
1786,614,943
1787,614,807
1788,617,799
1789,617,943
1790,620,2658
1791,623,1096
1792,623,781
1793,623,2397
1794,626,375
1795,629,1388
1796,629,2474
1797,632,1388
1798,632,1439
1799,632,2474
1800,638,2000
1801,641,2432
1802,647,2965
1803,647,1223
1804,647,943
1805,647,616
1806,65,1095
1807,65,1954
1808,65,21
1809,65,1239
1810,65,2577
1811,65,3031
1812,650,2248
1813,650,2474
1814,650,1388
1815,650,1374
1816,653,125
1817,653,1388
1818,653,2177
1819,653,2474
1820,653,2146
1821,656,2248
1822,656,2231
1823,656,400
1824,662,2474
1825,662,2164
1826,662,319
1827,662,1388
1828,665,2397
1829,668,2734
1830,668,2245
1831,668,1814
1832,677,1810
1833,677,326
1834,68,2697
1835,68,3065
1836,68,502
1837,68,1712
1838,68,1885
1839,680,2474
1840,680,324
1841,680,1754
1842,680,943
1843,680,1388
1844,680,642
1845,683,943
1846,689,2474
1847,689,1388
1848,692,2088
1849,692,2474
1850,692,1388
1851,695,1909
1852,707,2478
1853,707,589
1854,707,1596
1855,71,2467
1856,71,2894
1857,71,2789
1858,71,2547
1859,71,52
1860,71,2044
1861,71,1617
1862,71,340
1863,710,389
1864,713,1785
1865,713,943
1866,716,1388
1867,716,901
1868,716,2474
1869,716,2415
1870,722,1388
1871,722,1693
1872,722,2474
1873,725,2474
1874,725,1388
1875,725,943
1876,737,1388
1877,737,2474
1878,74,175
1879,743,943
1880,743,1535
1881,746,1388
1882,746,943
1883,746,659
1884,746,2474
1885,749,894
1886,749,953
1887,752,1388
1888,758,2474
1889,758,1388
1890,761,943
1891,761,1388
1892,761,2474
1893,761,2975
1894,761,2248
1895,761,3047
1896,764,943
1897,764,2474
1898,77,1617
1899,77,325
1900,77,44
1901,77,1390
1902,77,1435
1903,77,115
1904,77,1607
1905,77,2680
1906,77,2467
1907,77,2211
1908,77,3065
1909,77,2288
1910,770,216
1911,773,1275
1912,773,1382
1913,776,943
1914,776,889
1915,779,2474
1916,779,2576
1917,779,299
1918,779,690
1919,779,489
1920,779,353
1921,779,943
1922,779,1388
1923,782,2311
1924,788,2474
1925,788,841
1926,788,1388
1927,791,2474
1928,791,1388
1929,794,1388
1930,794,2975
1931,794,2474
1932,8,2243
1933,8,2649
1934,8,2789
1935,8,2073
1936,8,332
1937,8,44
1938,8,707
1939,8,1094
1940,8,26
1941,8,71
1942,8,1429
1943,8,178
1944,8,1390
1945,8,2035
1946,8,397
1947,8,13
1948,8,518
1949,8,28
1950,8,467
1951,80,157
1952,80,1610
1953,80,3024
1954,800,2658
1955,800,2474
1956,800,2098
1957,803,943
1958,803,399
1959,806,943
1960,806,305
1961,809,943
1962,812,2474
1963,812,2098
1964,812,943
1965,812,936
1966,815,2474
1967,815,1388
1968,818,2177
1969,818,2098
1970,827,2474
1971,83,393
1972,83,1429
1973,83,178
1974,83,1954
1975,83,44
1976,83,206
1977,83,2035
1978,83,1348
1979,83,1843
1980,83,1469
1981,83,467
1982,83,1117
1983,83,579
1984,83,332
1985,83,707
1986,83,1210
1987,83,1094
1988,83,71
1989,83,1390
1990,83,26
1991,83,2452
1992,83,2758
1993,83,2243
1994,83,2492
1995,83,2649
1996,83,2073
1997,83,2789
1998,83,2697
1999,83,2208
2000,83,2876
2001,83,2184
2002,830,2147
2003,833,2098
2004,833,2474
2005,833,330
2006,836,2911
2007,839,2474
2008,839,2098
2009,839,2675
2010,842,943
2011,842,828
2012,845,392
2013,845,1439
2014,845,1334
2015,845,443
2016,851,2474
2017,851,2098
2018,857,2474
2019,857,1388
2020,863,2728
2021,863,943
2022,863,762
2023,863,80
2024,866,1933
2025,866,1200
2026,872,943
2027,872,359
2028,872,2474
2029,872,2098
2030,875,2892
2031,878,888
2032,878,2415
2033,881,2415
2034,881,138
2035,881,943
2036,884,902
2037,884,2078
2038,884,2098
2039,884,2474
2040,887,943
2041,89,71
2042,89,707
2043,89,1469
2044,89,1376
2045,89,1954
2046,89,44
2047,89,2035
2048,89,178
2049,89,1210
2050,89,1776
2051,89,332
2052,89,1117
2053,89,1390
2054,89,1482
2055,89,1843
2056,89,1367
2057,89,393
2058,89,467
2059,89,206
2060,89,1094
2061,89,26
2062,89,1348
2063,89,1429
2064,89,2876
2065,89,2243
2066,89,2789
2067,89,2452
2068,89,2758
2069,89,2649
2070,89,2492
2071,89,2589
2072,89,2073
2073,89,2697
2074,893,1282
2075,896,943
2076,896,686
2077,899,269
2078,902,2915
2079,905,594
2080,908,943
2081,908,1371
2082,908,3047
2083,914,969
2084,923,1515
2085,926,2098
2086,926,2474
2087,929,2247
2088,929,2801
2089,929,2415
2090,932,1918
2091,932,2801
2092,932,2247
2093,932,2415
2094,935,835
2095,938,594
2096,941,465
2097,941,1310
2098,941,912
2099,947,2273
2100,959,2098
2101,959,2474
2102,959,2576
2103,959,76
2104,962,1153
2105,962,2024
2106,962,706
2107,968,79
2108,968,31
2109,968,60
2110,971,640
2111,971,854
2112,974,677
2113,977,607
2114,977,1786
2115,977,3047
2116,98,2492
2117,98,2710
2118,98,2452
2119,98,2184
2120,98,2876
2121,98,2789
2122,98,2211
2123,98,2589
2124,98,2105
2125,98,2243
2126,98,2073
2127,98,2758
2128,98,2208
2129,98,2467
2130,98,2697
2131,98,2649
2132,98,102
2133,98,26
2134,98,206
2135,98,1094
2136,98,1348
2137,98,2069
2138,98,1060
2139,98,393
2140,98,579
2141,98,1843
2142,98,1210
2143,98,178
2144,98,1429
2145,98,71
2146,98,1607
2147,98,2035
2148,98,29
2149,98,1469
2150,98,1954
2151,98,44
2152,98,1117
2153,980,894
2154,980,778
2155,980,953
2156,983,926
2157,983,2474
2158,986,2474
2159,986,1208
2160,989,1362
2161,989,2485
2162,995,2177
2163,998,2415
2164,0,2697
2165,0,2649
2166,0,2208
2167,0,2876
2168,0,2789
2169,0,2758
2170,0,2073
2171,0,2452
2172,0,2589
2173,0,2243
2174,0,2492
2175,0,2184
2176,0,1348
2177,0,2035
2178,0,467
2179,0,1094
2180,0,332
2181,0,1843
2182,0,1210
2183,0,579
2184,0,1390
2185,0,707
2186,0,393
2187,0,929
2188,0,26
2189,0,71
2190,0,1429
2191,0,206
2192,0,44
2193,0,1469
2194,0,1954
2195,0,1117
2196,0,178
2197,1002,113
2198,1002,224
2199,1005,1336
2200,1008,3047
2201,1011,2133
2202,1017,840
2203,1017,1162
2204,102,1094
2205,102,579
2206,102,1469
2207,102,1843
2208,102,1117
2209,102,1286
2210,102,71
2211,102,1429
2212,102,26
2213,102,178
2214,102,393
2215,102,44
2216,102,206
2217,102,1348
2218,102,1210
2219,102,1954
2220,102,2035
2221,102,2649
2222,102,2876
2223,102,2697
2224,102,2184
2225,102,2758
2226,102,2492
2227,102,2735
2228,102,2789
2229,102,2589
2230,102,2208
2231,102,2073
2232,102,2243
2233,1020,2098
2234,1020,2474
2235,1020,3047
2236,1023,2098
2237,1023,2078
2238,1026,1724
2239,1032,2098
2240,1038,2203
2241,1038,939
2242,1041,423
2243,1041,505
2244,1047,986
2245,105,52
2246,105,340
2247,105,241
2248,105,2467
2249,105,2211
2250,105,2789
2251,1050,1519
2252,1056,893
2253,1056,2838
2254,1059,2098
2255,1059,2355
2256,1062,2098
2257,1062,142
2258,1062,534
2259,1062,580
2260,1068,2098
2261,1068,3047
2262,1071,2098
2263,1071,989
2264,1074,921
2265,1077,2098
2266,1077,828
2267,1080,596
2268,1083,1958
2269,1095,2234
2270,1098,1888
2271,1098,2843
2272,1101,2098
2273,1104,714
2274,1104,1087
2275,1104,2415
2276,1107,2098
2277,1107,1781
2278,111,333
2279,111,137
2280,111,775
2281,111,2073
2282,1110,2296
2283,1116,2098
2284,1119,2826
2285,1125,607
2286,1125,1786
2287,1128,1202
2288,1131,760
2289,1131,2098
2290,1134,2098
2291,1137,2851
2292,114,1955
2293,114,857
2294,114,19
2295,114,2126
2296,1140,1781
2297,1140,2098
2298,1152,1734
2299,1155,2098
2300,1155,613
2301,1164,669
2302,1164,2203
2303,1167,2098
2304,117,1954
2305,117,393
2306,117,1469
2307,117,297
2308,117,273
2309,117,1094
2310,117,579
2311,117,1117
2312,117,206
2313,117,178
2314,117,1348
2315,117,2035
2316,117,1843
2317,117,71
2318,117,1210
2319,117,1429
2320,117,44
2321,117,2697
2322,117,2589
2323,117,2876
2324,117,2134
2325,117,2243
2326,117,2758
2327,117,2649
2328,117,2073
2329,117,2452
2330,117,2208
2331,117,2184
2332,117,2492
2333,117,2789
2334,1170,2098
2335,1173,1177
2336,1173,1090
2337,1176,2682
2338,1179,2194
2339,1182,2098
2340,1185,2054
2341,1188,2098
2342,1188,542
2343,1191,2274
2344,1194,894
2345,1194,778
2346,1197,2098
2347,1197,2152
2348,1197,1797
2349,1197,143
2350,12,2832
2351,12,2721
2352,12,478
2353,12,32
2354,12,1429
2355,12,1583
2356,12,707
2357,12,14
2358,120,1469
2359,120,214
2360,120,1049
2361,1200,969
2362,1203,2304
2363,1206,2185
2364,1209,2098
2365,1212,2194
2366,1218,594
2367,1224,1177
2368,1227,2078
2369,1227,423
2370,1227,505
2371,123,177
2372,123,1358
2373,123,248
2374,123,241
2375,123,2073
2376,123,2721
2377,123,2467
2378,1233,840
2379,1233,1162
2380,1236,1542
2381,1236,3047
2382,1245,1490
2383,1248,1144
2384,1251,2771
2385,1257,2098
2386,126,1463
2387,126,1607
2388,126,1390
2389,126,1617
2390,126,44
2391,126,2288
2392,1260,696
2393,1266,2098
2394,1269,385
2395,1272,2415
2396,1272,677
2397,1278,3038
2398,1281,279
2399,1284,250
2400,1287,639
2401,129,3031
2402,129,2697
2403,129,2136
2404,129,3065
2405,129,2589
2406,129,2243
2407,129,2452
2408,129,2492
2409,129,2073
2410,129,2992
2411,129,2467
2412,129,2876
2413,129,3069
2414,129,2758
2415,129,2789
2416,129,2649
2417,129,2288
2418,129,393
2419,129,206
2420,129,71
2421,129,1348
2422,129,1239
2423,129,1617
2424,129,1117
2425,129,579
2426,129,1469
2427,129,1429
2428,129,1843
2429,129,26
2430,129,44
2431,129,1435
2432,129,1094
2433,129,1210
2434,129,178
2435,129,2035
2436,129,1607
2437,129,366
2438,1293,2098
2439,1296,1563
2440,1299,320
2441,1299,586
2442,1302,2229
2443,1305,591
2444,1308,2385
2445,1308,2974
2446,1311,2457
2447,1314,139
2448,1314,82
2449,1317,748
2450,1317,456
2451,132,2992
2452,1320,1317
2453,1329,2185
2454,1329,2399
2455,1329,173
2456,1332,617
2457,1332,260
2458,1338,2143
2459,1338,1645
2460,1338,1942
2461,1338,948
2462,1338,1925
2463,1344,2080
2464,1350,535
2465,1356,2858
2466,1356,2098
2467,1356,2371
2468,1359,2370
2469,1362,2943
2470,1368,2995
2471,1374,2238
2472,1377,1111
2473,1377,1177
2474,138,702
2475,138,114
2476,138,2388
2477,1380,2111
2478,1380,1637
2479,1389,931
2480,1392,2214
2481,1392,587
2482,1398,2098
2483,1398,2851
2484,1398,791
2485,141,2208
2486,141,2697
2487,141,2789
2488,141,2184
2489,141,3031
2490,141,2758
2491,141,2492
2492,141,2649
2493,141,2589
2494,141,2243
2495,141,2876
2496,141,2073
2497,141,2452
2498,141,178
2499,141,1358
2500,141,1429
2501,141,1094
2502,141,26
2503,141,71
2504,141,206
2505,141,1117
2506,141,13
2507,141,1239
2508,141,1210
2509,141,170
2510,141,44
2511,141,2035
2512,141,579
2513,141,1348
2514,141,1469
2515,141,1954
2516,141,393
2517,141,1901
2518,141,1843
2519,1416,2524
2520,1419,822
2521,1422,1437
2522,1422,1189
2523,1425,1891
2524,1428,1393
2525,144,480
2526,1440,2644
2527,1443,520
2528,1449,437
2529,1452,988
2530,1452,192
2531,1452,320
2532,1452,586
2533,1458,2990
2534,1461,3097
2535,147,2211
2536,147,3060
2537,1473,752
2538,1479,1243
2539,1485,1005
2540,15,1901
2541,15,167
2542,15,203
2543,15,2667
2544,15,2240
2545,15,2664
2546,1506,3038
2547,1515,2041
2548,1518,192
2549,1518,797
2550,153,206
2551,153,44
2552,153,1210
2553,153,1348
2554,153,178
2555,153,71
2556,153,2035
2557,153,1429
2558,153,1469
2559,153,1117
2560,153,393
2561,153,1843
2562,153,26
2563,153,579
2564,153,1094
2565,153,2452
2566,153,2876
2567,153,2073
2568,153,2589
2569,153,2697
2570,153,2243
2571,153,2649
2572,153,2758
2573,153,2208
2574,153,2492
2575,153,2789
2576,1530,2098
2577,1536,1297
2578,1536,748
2579,1536,456
2580,1539,2111
2581,1542,1919
2582,1545,916
2583,1548,3038
2584,156,2288
2585,156,3065
2586,156,1607
2587,156,1435
2588,156,44
2589,156,1617
2590,156,1220
2591,1566,270
2592,1566,3038
2593,1569,3038
2594,1572,3038
2595,1575,748
2596,1575,1297
2597,1575,456
2598,159,1512
2599,1593,2254
2600,1593,2929
2601,1596,963
2602,1596,3038
2603,1605,1189
2604,1605,1437
2605,1608,698
2606,1611,406
2607,162,1100
2608,162,206
2609,162,775
2610,162,2954
2611,162,2317
2612,162,2089
2613,1629,2307
2614,1632,192
2615,1632,2431
2616,1635,2895
2617,1641,3097
2618,1641,2251
2619,1641,1098
2620,1641,1722
2621,1644,2880
2622,165,286
2623,165,59
2624,1653,802
2625,1665,802
2626,1668,2316
2627,1671,1612
2628,1674,2775
2629,1674,2223
2630,168,2547
2631,168,2448
2632,168,2894
2633,168,2280
2634,168,2663
2635,1680,2212
2636,1680,2424
2637,1686,2611
2638,1686,923
2639,1686,1266
2640,171,561
2641,1716,1931
2642,1719,456
2643,1719,1297
2644,1725,1005
2645,1725,374
2646,1725,1316
2647,1728,1850
2648,174,1130
2649,1740,3038
2650,1746,3038
2651,1761,53
2652,1764,2003
2653,177,26
2654,177,44
2655,177,52
2656,177,1358
2657,177,71
2658,177,1348
2659,177,2035
2660,177,1954
2661,177,178
2662,177,181
2663,177,1429
2664,177,206
2665,177,1210
2666,177,1843
2667,177,248
2668,177,1117
2669,177,1435
2670,177,1617
2671,177,1094
2672,177,1469
2673,177,393
2674,177,1607
2675,177,2243
2676,177,2073
2677,177,2184
2678,177,2649
2679,177,2876
2680,177,2288
2681,177,2697
2682,177,2789
2683,177,2208
2684,177,3065
2685,177,2452
2686,177,2758
2687,177,2492
2688,177,2589
2689,1770,168
2690,1770,100
2691,1773,1477
2692,1776,2377
2693,1776,1048
2694,1779,1458
2695,1779,2188
2696,1785,2336
2697,1791,53
2698,1794,2029
2699,1797,1760
2700,1797,3038
2701,18,2589
2702,18,2649
2703,18,2663
2704,18,2243
2705,18,2697
2706,18,2492
2707,18,2073
2708,18,2758
2709,18,2452
2710,18,2448
2711,18,2789
2712,18,2208
2713,18,2284
2714,18,2876
2715,18,2184
2716,18,214
2717,18,2035
2718,18,1210
2719,18,26
2720,18,71
2721,18,707
2722,18,1429
2723,18,393
2724,18,1390
2725,18,1469
2726,18,551
2727,18,467
2728,18,178
2729,18,44
2730,18,1348
2731,18,1117
2732,18,579
2733,18,332
2734,18,1094
2735,18,1037
2736,180,393
2737,180,1117
2738,180,1094
2739,180,1429
2740,180,579
2741,180,71
2742,180,1607
2743,180,206
2744,180,1210
2745,180,26
2746,180,1843
2747,180,98
2748,180,1617
2749,180,1435
2750,180,178
2751,180,44
2752,180,247
2753,180,2035
2754,180,1469
2755,180,1954
2756,180,1348
2757,180,2452
2758,180,2697
2759,180,2208
2760,180,2789
2761,180,2288
2762,180,2243
2763,180,2492
2764,180,2758
2765,180,2589
2766,180,2184
2767,180,3065
2768,180,2073
2769,180,2876
2770,1806,750
2771,1809,1477
2772,1812,2761
2773,1818,2336
2774,1827,1122
2775,1827,2921
2776,183,1348
2777,183,861
2778,183,20
2779,1836,2883
2780,1836,2003
2781,1836,772
2782,1839,1899
2783,1842,2436
2784,1845,1561
2785,186,2243
2786,186,2452
2787,186,2649
2788,186,2208
2789,186,2073
2790,186,2758
2791,186,2789
2792,186,2492
2793,186,2589
2794,186,2876
2795,186,2697
2796,186,206
2797,186,71
2798,186,1117
2799,186,1094
2800,186,1429
2801,186,1954
2802,186,1469
2803,186,863
2804,186,1348
2805,186,579
2806,186,178
2807,186,1843
2808,186,1210
2809,186,393
2810,186,2035
2811,186,44
2812,186,26
2813,1860,2343
2814,1860,2171
2815,1866,818
2816,1869,1205
2817,1869,1560
2818,1869,948
2819,1869,1645
2820,1872,2820
2821,1887,462
2822,189,1429
2823,189,2035
2824,189,1210
2825,189,26
2826,189,1843
2827,189,579
2828,189,1117
2829,189,393
2830,189,178
2831,189,1348
2832,189,44
2833,189,1094
2834,189,1954
2835,189,206
2836,189,71
2837,189,2789
2838,189,2697
2839,189,2649
2840,189,2870
2841,189,2073
2842,189,2876
2843,189,2758
2844,189,2589
2845,189,2208
2846,189,2492
2847,189,2243
2848,1890,3038
2849,1893,1533
2850,1893,2820
2851,1899,2377
2852,1899,675
2853,1902,2377
2854,1905,948
2855,1905,1560
2856,1905,1205
2857,1905,1645
2858,1917,1085
2859,192,3065
2860,192,2288
2861,192,2284
2862,192,1607
2863,192,449
2864,192,44
2865,192,1435
2866,192,13
2867,192,1617
2868,1926,403
2869,1932,1842
2870,1935,1205
2871,1935,430
2872,1935,3038
2873,1944,805
2874,1944,189
2875,195,2492
2876,195,1179
2877,1953,981
2878,1959,1126
2879,1962,1858
2880,1962,2513
2881,1965,2197
2882,1965,2252
2883,1965,1365
2884,1965,1510
2885,1968,736
2886,1971,1805
2887,1974,610
2888,1974,1205
2889,1974,1629
2890,1974,705
2891,1974,1549
2892,198,874
2893,1983,1627
2894,1983,3097
2895,1989,1987
2896,1989,192
2897,1992,2138
2898,1992,2122
2899,1992,1975
2900,1992,1767
2901,1992,978
2902,1995,1274
2903,1995,1316
2904,1998,2617
2905,1998,1594
2906,1998,1204
2907,2001,1549
2908,2001,610
2909,2001,705
2910,2001,1629
2911,2001,1205
2912,201,2547
2913,201,2894
2914,201,277
2915,201,1607
2916,201,1583
2917,201,158
2918,201,1239
2919,2016,1014
2920,2025,3059
2921,2028,2392
2922,2031,1266
2923,204,495
2924,2043,1690
2925,2043,1913
2926,2046,820
2927,2067,2534
2928,207,3018
2929,2070,2995
2930,2073,2820
2931,2082,2155
2932,2085,1419
2933,2091,1205
2934,21,2517
2935,21,2737
2936,21,2789
2937,21,965
2938,21,460
2939,21,404
2940,21,1676
2941,21,393
2942,210,1607
2943,210,29
2944,210,267
2945,210,27
2946,210,2213
2947,210,3087
2948,2100,908
2949,2100,1266
2950,2106,1774
2951,2109,323
2952,2109,134
2953,2112,407
2954,2112,485
2955,2115,1020
2956,2115,2269
2957,2121,973
2958,2124,1319
2959,2124,973
2960,2127,1760
2961,213,775
2962,213,1429
2963,213,1901
2964,213,71
2965,213,1117
2966,213,579
2967,213,1843
2968,213,1469
2969,213,119
2970,213,26
2971,213,1210
2972,213,1348
2973,213,1094
2974,213,393
2975,213,2035
2976,213,178
2977,213,425
2978,213,965
2979,213,206
2980,213,44
2981,213,2243
2982,213,2073
2983,213,2649
2984,213,2876
2985,213,2208
2986,213,2737
2987,213,2452
2988,213,2589
2989,213,2397
2990,213,2697
2991,213,2789
2992,213,2492
2993,213,2758
2994,2130,1452
2995,2130,974
2996,2130,2269
2997,2145,1803
2998,2145,290
2999,2148,496
3000,2148,646
3001,2151,1525
3002,2154,544
3003,2157,2093
3004,2157,1266
3005,216,1348
3006,216,1843
3007,216,393
3008,216,1388
3009,216,2208
3010,216,2492
3011,216,2758
3012,216,2589
3013,216,2697
3014,216,2452
3015,2160,2815
3016,2163,681
3017,2163,724
3018,2175,1242
3019,2187,3038
3020,2187,2269
3021,2193,1566
3022,2196,2471
3023,2196,1690
3024,2199,1951
3025,2199,2600
3026,2199,2450
3027,2202,3038
3028,2208,1213
3029,2211,3097
3030,2220,2743
3031,2226,1472
3032,2229,1354
3033,2238,1635
3034,2244,1213
3035,2247,2526
3036,2253,2921
3037,2253,845
3038,2262,2125
3039,2265,2995
3040,2268,2125
3041,2271,610
3042,2271,1205
3043,2274,2760
3044,2277,837
3045,228,329
3046,228,1583
3047,228,2721
3048,228,2397
3049,228,2832
3050,2280,983
3051,2283,1576
3052,2283,1205
3053,2283,3038
3054,2283,2269
3055,2286,967
3056,2301,554
3057,2304,527
3058,2307,1119
3059,231,438
3060,231,480
3061,2310,1881
3062,2313,1899
3063,2316,610
3064,2319,1606
3065,2319,1428
3066,2325,1419
3067,2328,2599
3068,2331,2656
3069,234,1348
3070,234,1954
3071,234,221
3072,234,152
3073,234,209
3074,234,1843
3075,234,1388
3076,234,393
3077,234,2697
3078,234,2589
3079,234,2492
3080,234,2758
3081,234,2452
3082,234,2208
3083,2343,770
3084,2349,1379
3085,2352,1684
3086,2355,141
3087,2361,1820
3088,2364,445
3089,2367,2401
3090,2367,416
3091,237,1583
3092,2373,2921
3093,2373,2807
3094,2379,486
3095,2385,2639
3096,2388,1129
3097,2391,350
3098,2394,2620
3099,24,88
3100,24,166
3101,24,206
3102,24,107
3103,24,2978
3104,24,2089
3105,24,2317
3106,24,2954
3107,240,1398
3108,240,1388
3109,240,2735
3110,240,2721
3111,2400,767
3112,2406,486
3113,2409,1426
3114,2409,1400
3115,2415,2085
3116,2418,2269
3117,243,424
3118,2430,1098
3119,2433,2976
3120,2436,1717
3121,2436,1471
3122,2436,2686
3123,2439,1935
3124,2442,1266
3125,2442,973
3126,2442,717
3127,2442,2404
3128,2445,1291
3129,2448,1856
3130,2451,3097
3131,2451,646
3132,2457,2807
3133,2457,291
3134,246,2284
3135,2466,661
3136,2469,1752
3137,2469,1599
3138,2469,2567
3139,2472,971
3140,2472,1377
3141,2478,1609
3142,2478,398
3143,249,2228
3144,249,3065
3145,249,1313
3146,2496,473
3147,2499,1595
3148,2499,2003
3149,2499,2883
3150,2502,1240
3151,2502,2626
3152,2505,1373
3153,2508,398
3154,2508,1609
3155,2514,2642
3156,2517,2995
3157,252,393
3158,252,1056
3159,252,206
3160,252,1692
3161,252,3065
3162,252,2317
3163,252,2954
3164,2532,1452
3165,2532,974
3166,2535,973
3167,2535,980
3168,2535,2404
3169,2535,2991
3170,2538,2715
3171,2544,331
3172,2544,655
3173,255,3065
3174,255,1300
3175,2550,1110
3176,2562,2679
3177,2568,964
3178,2568,1241
3179,2571,1669
3180,2574,1590
3181,2577,2457
3182,2583,2995
3183,2583,497
3184,2589,2223
3185,2592,764
3186,2595,1279
3187,2595,1841
3188,2598,290
3189,2601,2808
3190,2601,1043
3191,2601,1145
3192,2601,1556
3193,2607,1185
3194,2607,1248
3195,261,229
3196,261,1007
3197,2610,2633
3198,2616,199
3199,2616,184
3200,2616,846
3201,2625,1988
3202,2628,2995
3203,2631,2012
3204,2634,655
3205,2637,57
3206,264,1388
3207,264,333
3208,264,427
3209,264,1901
3210,264,1843
3211,264,1863
3212,264,1607
3213,264,1617
3214,264,1348
3215,264,1239
3216,264,393
3217,264,2467
3218,264,2492
3219,264,2589
3220,264,2208
3221,264,3065
3222,264,2452
3223,264,2697
3224,264,2758
3225,264,2667
3226,264,2664
3227,2640,662
3228,2658,464
3229,2658,268
3230,2667,646
3231,2667,627
3232,267,393
3233,267,337
3234,267,2721
3235,2670,377
3236,2673,1659
3237,2682,1205
3238,2688,1081
3239,2691,1753
3240,2697,1703
3241,27,876
3242,27,1901
3243,27,707
3244,27,65
3245,27,2240
3246,27,2664
3247,270,50
3248,270,559
3249,270,2397
3250,2703,1609
3251,2703,398
3252,2733,1549
3253,2733,1264
3254,2739,1983
3255,2742,2945
3256,2745,1290
3257,2745,2820
3258,2745,2093
3259,2754,973
3260,2757,2255
3261,2757,745
3262,276,393
3263,276,1095
3264,276,1954
3265,276,1348
3266,276,1388
3267,276,1843
3268,276,2589
3269,276,2208
3270,276,2697
3271,276,2492
3272,276,2710
3273,276,2452
3274,276,2758
3275,2760,508
3276,2760,3097
3277,2766,2660
3278,2769,652
3279,2775,1266
3280,2778,2426
3281,2784,672
3282,2784,2458
3283,2787,1284
3284,279,2317
3285,279,3069
3286,2790,464
3287,2793,1713
3288,2793,1551
3289,2793,1214
3290,2799,1841
3291,2799,628
3292,2799,1698
3293,2799,1279
3294,2799,1682
3295,2811,2606
3296,2811,1803
3297,2811,2003
3298,2817,485
3299,2817,590
3300,282,2697
3301,282,2680
3302,282,2648
3303,282,2467
3304,282,2211
3305,282,241
3306,282,1712
3307,282,1633
3308,2823,246
3309,2829,1516
3310,2829,1232
3311,2847,1514
3312,285,1574
3313,285,3084
3314,2850,1927
3315,2850,1817
3316,2853,191
3317,2859,2736
3318,2859,1882
3319,288,1901
3320,288,242
3321,288,2211
3322,288,2248
3323,288,2467
3324,2880,1514
3325,2883,1817
3326,2883,1927
3327,2886,1497
3328,2889,1635
3329,2889,952
3330,2892,1034
3331,2901,2223
3332,2901,2499
3333,2901,846
3334,2901,244
3335,2907,1902
3336,291,1348
3337,291,1617
3338,291,35
3339,291,1607
3340,291,85
3341,291,3065
3342,2910,1102
3343,2913,189
3344,2913,805
3345,2916,2125
3346,2919,3097
3347,2922,972
3348,2925,2964
3349,2928,2094
3350,294,3065
3351,294,7
3352,294,62
3353,294,68
3354,2943,2976
3355,2946,1620
3356,2946,1635
3357,2952,1266
3358,2955,1047
3359,2961,2533
3360,2961,1171
3361,2961,1330
3362,2967,2529
3363,297,2367
3364,297,3065
3365,297,808
3366,297,1358
3367,297,1995
3368,2973,1132
3369,2979,603
3370,2982,605
3371,2985,1385
3372,2985,1592
3373,2985,2003
3374,2991,447
3375,2994,356
3376,2997,1129
3377,3,887
3378,300,1607
3379,300,1617
3380,300,1954
3381,300,1348
3382,300,393
3383,300,1843
3384,300,466
3385,300,2589
3386,300,2317
3387,300,2697
3388,300,2208
3389,300,2954
3390,300,2211
3391,300,2492
3392,300,2467
3393,300,2758
3394,300,3065
3395,300,2248
3396,3006,1403
3397,3009,848
3398,3018,890
3399,3027,1741
3400,3027,1038
3401,303,2758
3402,303,2452
3403,303,2697
3404,303,2208
3405,303,2589
3406,303,2492
3407,303,1348
3408,303,393
3409,303,1954
3410,303,1388
3411,303,1843
3412,3030,1551
3413,3030,1214
3414,3036,1016
3415,3042,1765
3416,3045,2313
3417,3048,673
3418,3054,1725
3419,306,744
3420,3072,1741
3421,3072,539
3422,3075,3097
3423,3078,2204
3424,3078,2003
3425,3081,1241
3426,3081,964
3427,3084,1698
3428,3084,1682
3429,3084,1841
3430,3084,2760
3431,3087,2607
3432,3087,1858
3433,309,119
3434,309,663
3435,309,1583
3436,309,2832
3437,309,2721
3438,309,2284
3439,3090,1330
3440,3090,2533
3441,3093,2122
3442,3099,2003
3443,3102,1150
3444,3102,1263
3445,3105,2015
3446,3114,1318
3447,3114,971
3448,3114,1377
3449,3117,1562
3450,3117,1191
3451,3117,2998
3452,312,1824
3453,312,1190
3454,3120,3097
3455,3123,1460
3456,3126,879
3457,3126,1256
3458,3129,338
3459,3132,1409
3460,3135,380
3461,3135,973
3462,3138,222
3463,3144,180
3464,3147,1412
3465,315,1358
3466,315,1580
3467,315,808
3468,315,1995
3469,3150,1181
3470,3150,952
3471,3150,1635
3472,3153,451
3473,3153,204
3474,3156,2477
3475,3156,1948
3476,3156,1666
3477,3159,1008
3478,3168,2900
3479,3168,313
3480,3171,357
3481,3174,628
3482,3177,1299
3483,3177,2026
3484,3177,2853
3485,318,3081
3486,3180,2505
3487,3183,2244
3488,3186,2082
3489,3189,999
3490,3201,169
3491,3204,879
3492,3204,1256
3493,3204,990
3494,3207,2244
3495,321,1783
3496,321,943
3497,321,601
3498,321,2105
3499,321,3070
3500,321,2467
3501,3210,172
3502,3210,736
3503,3213,1903
3504,3231,182
3505,324,2697
3506,324,2758
3507,324,2589
3508,324,2452
3509,324,2492
3510,324,516
3511,324,1388
3512,324,361
3513,324,1954
3514,324,308
3515,324,943
3516,3249,3097
3517,327,2589
3518,327,2208
3519,327,2697
3520,327,2735
3521,327,2452
3522,327,2492
3523,327,2758
3524,327,817
3525,327,1954
3526,327,297
3527,327,1286
3528,327,393
3529,327,1388
3530,327,1843
3531,327,1207
3532,327,1348
3533,327,1743
3534,33,2894
3535,33,2649
3536,33,2884
3537,33,2547
3538,33,372
3539,33,44
3540,33,58
3541,33,1607
3542,330,1388
3543,330,372
3544,330,1617
3545,330,943
3546,330,453
3547,330,2452
3548,330,2697
3549,330,2492
3550,330,2758
3551,330,3065
3552,330,2467
3553,330,2589
3554,333,2228
3555,333,2710
3556,333,2967
3557,333,3087
3558,333,1239
3559,333,1018
3560,333,2044
3561,333,1002
3562,333,393
3563,336,2697
3564,336,2492
3565,336,2589
3566,336,2758
3567,336,2452
3568,336,943
3569,336,428
3570,336,181
3571,336,1954
3572,336,1388
3573,339,1136
3574,342,2510
3575,342,2139
3576,342,1109
3577,342,808
3578,342,1022
3579,348,1388
3580,348,393
3581,348,1348
3582,348,1843
3583,348,2452
3584,348,2589
3585,348,2492
3586,348,2758
3587,348,2208
3588,348,2697
3589,351,3065
3590,351,1300
3591,357,943
3592,357,1954
3593,357,117
3594,357,40
3595,357,2317
3596,357,2954
3597,36,52
3598,36,70
3599,36,454
3600,360,2758
3601,360,2452
3602,360,2697
3603,360,2492
3604,360,1388
3605,360,1954
3606,360,273
3607,360,266
3608,363,1325
3609,363,1388
3610,363,1954
3611,363,2758
3612,363,2589
3613,363,2452
3614,363,2965
3615,363,2492
3616,366,3080
3617,366,1223
3618,372,2177
3619,372,1617
3620,375,960
3621,375,1207
3622,375,2105
3623,375,2899
3624,375,2451
3625,375,2658
3626,378,1252
3627,378,2136
3628,381,2758
3629,381,2492
3630,381,2697
3631,381,3065
3632,381,1954
3633,381,1388
3634,381,1617
3635,384,1954
3636,384,2589
3637,384,2452
3638,384,2758
3639,384,2697
3640,384,2492
3641,39,2073
3642,39,2697
3643,39,2243
3644,39,2789
3645,39,2452
3646,39,2288
3647,39,2492
3648,39,2710
3649,39,3065
3650,39,2184
3651,39,2208
3652,39,2876
3653,39,2649
3654,39,2758
3655,39,393
3656,39,1094
3657,39,1954
3658,39,1617
3659,39,1117
3660,39,44
3661,39,26
3662,39,467
3663,39,579
3664,39,2035
3665,39,1429
3666,39,332
3667,39,707
3668,39,71
3669,39,1469
3670,39,1348
3671,39,1607
3672,39,42
3673,39,1779
3674,39,78
3675,39,1435
3676,39,1843
3677,39,178
3678,39,1390
3679,39,1210
3680,39,206
3681,390,149
3682,390,943
3683,390,2397
3684,393,943
3685,396,3065
3686,396,1531
3687,396,943
3688,399,943
3689,399,3065
3690,399,2770
3691,402,333
3692,402,410
3693,402,472
3694,402,2467
3695,405,2492
3696,405,2589
3697,405,2452
3698,405,2758
3699,405,2697
3700,405,811
3701,405,1388
3702,411,2657
3703,411,2004
3704,414,1580
3705,414,1995
3706,414,2728
3707,414,2770
3708,414,2909
3709,417,2492
3710,417,2697
3711,417,2758
3712,417,2452
3713,417,2589
3714,417,1954
3715,417,1388
3716,417,873
3717,42,2547
3718,42,2894
3719,42,806
3720,426,2927
3721,426,1361
3722,429,943
3723,429,3065
3724,429,2770
3725,432,2467
3726,432,2248
3727,432,2231
3728,432,858
3729,435,2697
3730,435,2105
3731,435,2397
3732,435,2452
3733,435,2737
3734,435,2492
3735,435,2758
3736,435,960
3737,435,1388
3738,435,1954
3739,438,1954
3740,438,1388
3741,438,2589
3742,438,2697
3743,438,2492
3744,438,2452
3745,438,2758
3746,441,2452
3747,441,2697
3748,441,2492
3749,441,3065
3750,441,2758
3751,441,2589
3752,441,1388
3753,441,1954
3754,441,1617
3755,450,2589
3756,450,2697
3757,450,2474
3758,450,1388
3759,450,516
3760,450,308
3761,450,361
3762,450,943
3763,456,943
3764,456,469
3765,459,2467
3766,459,2894
3767,462,625
3768,462,428
3769,462,1388
3770,462,2697
3771,462,2474
3772,462,2589
3773,462,2894
3774,465,1388
3775,465,2589
3776,465,2697
3777,465,2474
3778,465,2545
3779,471,1388
3780,471,2474
3781,471,2589
3782,471,2697
3783,474,2397
3784,48,960
3785,48,747
3786,48,1060
3787,48,2105
3788,480,2193
3789,483,165
3790,486,1617
3791,486,333
3792,486,943
3793,486,547
3794,486,1388
3795,486,2467
3796,486,2474
3797,486,2589
3798,486,2697
3799,489,943
3800,489,422
3801,489,1388
3802,489,2915
3803,489,2248
3804,489,2697
3805,489,2474
3806,489,2467
3807,495,1625
3808,501,2576
3809,501,1810
3810,501,326
3811,504,2201
3812,507,1468
3813,507,2540
3814,507,2486
3815,51,2547
3816,51,2894
3817,513,3097
3818,513,1194
3819,522,565
3820,522,943
3821,528,2872
3822,531,1580
3823,534,943
3824,534,1180
3825,534,1269
3826,537,1573
3827,54,2856
3828,54,243
3829,54,3
3830,54,1190
3831,543,1580
3832,543,943
3833,543,531
3834,546,2248
3835,546,842
3836,546,943
3837,549,346
3838,549,1439
3839,549,1617
3840,552,1388
3841,552,68
3842,552,339
3843,552,2589
3844,552,2697
3845,552,2474
3846,555,943
3847,558,2967
3848,558,1002
3849,558,1018
3850,558,943
3851,561,1617
3852,561,1051
3853,561,1388
3854,561,1188
3855,561,943
3856,561,1643
3857,561,2697
3858,561,2474
3859,564,1981
3860,564,690
3861,57,335
3862,57,65
3863,57,1901
3864,57,2667
3865,57,2664
3866,57,2240
3867,576,351
3868,576,943
3869,579,943
3870,579,842
3871,579,2248
3872,582,1443
3873,582,1617
3874,585,943
3875,585,1649
3876,588,280
3877,591,2545
3878,591,2231
3879,591,472
3880,594,1824
3881,597,2474
3882,597,1388
3883,6,63
3884,6,707
3885,6,1583
3886,6,702
3887,6,2832
3888,6,2721
3889,6,2388
3890,60,1955
3891,60,19
3892,606,1940
3893,609,2368
3894,609,2474
3895,609,943
3896,609,1388
3897,609,618
3898,615,1754
3899,615,2231
3900,618,1265
3901,624,1388
3902,624,1200
3903,624,943
3904,624,155
3905,624,2474
3906,624,2248
3907,627,176
3908,627,1388
3909,63,2243
3910,630,2231
3911,630,2474
3912,630,1388
3913,630,943
3914,630,891
3915,633,2210
3916,639,2095
3917,642,2836
3918,645,1388
3919,645,2474
3920,648,236
3921,648,943
3922,651,943
3923,654,943
3924,654,792
3925,657,2658
3926,657,2474
3927,657,686
3928,657,943
3929,657,1388
3930,66,2735
3931,66,49
3932,660,754
3933,660,209
3934,663,2474
3935,663,943
3936,663,1388
3937,675,2474
3938,675,1388
3939,675,943
3940,675,188
3941,678,1388
3942,678,2474
3943,681,2158
3944,681,728
3945,684,804
3946,690,489
3947,690,1313
3948,690,1475
3949,690,2248
3950,693,2576
3951,705,943
3952,705,232
3953,708,295
3954,711,2474
3955,711,1442
3956,711,943
3957,711,1388
3958,714,943
3959,714,1197
3960,717,125
3961,717,1380
3962,717,1388
3963,717,2474
3964,72,2105
3965,72,2901
3966,72,150
3967,72,1060
3968,72,1207
3969,720,992
3970,720,2975
3971,723,1451
3972,723,776
3973,723,261
3974,726,943
3975,729,1388
3976,729,2661
3977,729,2474
3978,735,2474
3979,735,2596
3980,735,943
3981,735,1388
3982,735,38
3983,738,432
3984,738,943
3985,738,2248
3986,738,3047
3987,741,418
3988,741,943
3989,747,202
3990,747,1388
3991,747,943
3992,747,2474
3993,75,3065
3994,750,2474
3995,750,2248
3996,750,3047
3997,750,1388
3998,750,132
3999,750,194
4000,750,1374
4001,750,1498
4002,750,1451
4003,750,261
4004,750,776
4005,756,1388
4006,756,2474
4007,759,2887
4008,762,1422
4009,765,2474
4010,765,2177
4011,768,943
4012,768,399
4013,771,2474
4014,771,2975
4015,771,1388
4016,777,2596
4017,777,2474
4018,777,2098
4019,777,113
4020,777,312
4021,777,943
4022,78,41
4023,78,282
4024,780,1596
4025,780,589
4026,780,3047
4027,780,2248
4028,786,2231
4029,786,1292
4030,792,2109
4031,792,2415
4032,795,1388
4033,801,2474
4034,801,2098
4035,801,726
4036,804,1310
4037,804,912
4038,807,641
4039,807,2078
4040,81,2649
4041,81,2492
4042,81,2208
4043,81,2073
4044,81,2243
4045,81,2697
4046,81,2184
4047,81,2789
4048,81,2876
4049,81,2589
4050,81,2452
4051,81,178
4052,81,1094
4053,81,579
4054,81,1954
4055,81,206
4056,81,1469
4057,81,44
4058,81,71
4059,81,1843
4060,81,467
4061,81,1117
4062,81,1210
4063,81,2035
4064,81,1429
4065,81,332
4066,81,1390
4067,81,26
4068,81,707
4069,81,1348
4070,810,943
4071,810,519
4072,810,2474
4073,810,2098
4074,813,593
4075,813,943
4076,816,1096
4077,816,781
4078,819,1388
4079,819,2926
4080,822,2098
4081,822,2474
4082,825,2474
4083,825,529
4084,825,266
4085,825,429
4086,825,1388
4087,828,1388
4088,828,2474
4089,834,862
4090,834,2474
4091,834,2098
4092,837,2231
4093,837,943
4094,84,1896
4095,840,786
4096,840,89
4097,840,943
4098,840,2415
4099,843,201
4100,843,525
4101,843,943
4102,846,550
4103,846,943
4104,846,2231
4105,849,2415
4106,849,943
4107,849,755
4108,849,830
4109,855,2676
4110,858,774
4111,858,2415
4112,861,2535
4113,861,973
4114,864,46
4115,864,943
4116,864,2474
4117,864,2274
4118,864,2098
4119,867,2098
4120,867,2474
4121,867,943
4122,873,938
4123,876,2744
4124,885,2415
4125,888,2474
4126,888,2231
4127,888,943
4128,888,534
4129,888,580
4130,891,2474
4131,891,2098
4132,894,2474
4133,894,2098
4134,897,2415
4135,897,2801
4136,897,2247
4137,9,1429
4138,9,512
4139,9,332
4140,9,206
4141,9,1117
4142,9,26
4143,9,707
4144,9,1357
4145,9,1469
4146,9,71
4147,9,393
4148,9,1348
4149,9,292
4150,9,2035
4151,9,1094
4152,9,1954
4153,9,579
4154,9,178
4155,9,467
4156,9,1210
4157,9,2073
4158,9,2876
4159,9,2492
4160,9,2589
4161,9,2789
4162,9,2649
4163,9,2243
4164,9,2758
4165,9,2208
4166,9,2697
4167,9,2184
4168,900,223
4169,900,148
4170,900,943
4171,900,2415
4172,903,924
4173,903,596
4174,909,1200
4175,909,943
4176,909,2474
4177,915,907
4178,918,2415
4179,918,576
4180,918,943
4181,921,1295
4182,921,2098
4183,921,2474
4184,924,2474
4185,924,2098
4186,927,3047
4187,927,2415
4188,927,2098
4189,927,2474
4190,930,269
4191,936,650
4192,936,2923
4193,945,969
4194,948,713
4195,948,2415
4196,957,760
4197,957,664
4198,957,2415
4199,96,857
4200,96,85
4201,96,35
4202,96,651
4203,960,2098
4204,963,2474
4205,963,312
4206,963,55
4207,963,1737
4208,963,46
4209,963,89
4210,963,113
4211,963,38
4212,963,173
4213,966,2098
4214,966,2474
4215,966,465
4216,966,1675
4217,969,412
4218,978,760
4219,978,2474
4220,981,490
4221,984,943
4222,99,17
4223,993,566
4224,993,2098
4225,993,2415
4226,996,2098
4227,996,2474
4228,999,2355
4229,1,2789
4230,1,2876
4231,1,2288
4232,1,2208
4233,1,2452
4234,1,2492
4235,1,3065
4236,1,2243
4237,1,2184
4238,1,2589
4239,1,2649
4240,1,2758
4241,1,2697
4242,1,2073
4243,1,71
4244,1,1954
4245,1,1348
4246,1,1843
4247,1,44
4248,1,1210
4249,1,214
4250,1,467
4251,1,2035
4252,1,393
4253,1,579
4254,1,206
4255,1,1607
4256,1,26
4257,1,178
4258,1,707
4259,1,1117
4260,1,1429
4261,1,1094
4262,1,42
4263,1,1390
4264,1,1617
4265,1,1469
4266,1,1435
4267,1,332
4268,10,707
4269,100,2184
4270,100,2208
4271,100,2758
4272,100,2649
4273,100,2876
4274,100,2697
4275,100,2243
4276,100,2073
4277,100,2492
4278,100,2789
4279,100,1210
4280,100,707
4281,100,1117
4282,100,178
4283,100,332
4284,100,1469
4285,100,44
4286,100,71
4287,100,579
4288,100,206
4289,100,1390
4290,100,1348
4291,100,1094
4292,100,2035
4293,100,393
4294,100,1843
4295,100,26
4296,100,227
4297,100,467
4298,100,1429
4299,1000,896
4300,1000,3047
4301,1006,493
4302,1006,2098
4303,1006,2415
4304,1006,2474
4305,1009,2474
4306,1009,2098
4307,1009,61
4308,1009,353
4309,1012,1326
4310,1012,1069
4311,1015,2415
4312,1015,1308
4313,1024,1769
4314,1027,2098
4315,103,286
4316,103,1190
4317,103,3065
4318,1033,1070
4319,1033,3047
4320,1036,1530
4321,1039,599
4322,1042,2111
4323,1042,113
4324,1042,224
4325,1042,312
4326,1048,2369
4327,1051,937
4328,1051,2923
4329,1057,1872
4330,106,3031
4331,106,1901
4332,106,135
4333,106,1358
4334,106,1239
4335,1060,201
4336,1063,405
4337,1069,1224
4338,1069,2098
4339,1072,1509
4340,1075,1565
4341,1081,1759
4342,1087,1589
4343,109,2720
4344,109,1348
4345,1090,1737
4346,1090,82
4347,1093,2881
4348,1096,768
4349,1099,307
4350,1099,459
4351,1105,2111
4352,1108,2098
4353,1111,677
4354,1111,2060
4355,1117,2351
4356,1117,2473
4357,1117,2003
4358,112,1348
4359,112,1435
4360,112,71
4361,112,1954
4362,112,1607
4363,112,1843
4364,112,1469
4365,112,44
4366,112,1210
4367,112,1617
4368,112,178
4369,112,1492
4370,112,1117
4371,112,393
4372,112,1429
4373,112,2035
4374,112,579
4375,112,206
4376,112,26
4377,112,1094
4378,112,2876
4379,112,2243
4380,112,2697
4381,112,2789
4382,112,2492
4383,112,2208
4384,112,2073
4385,112,3065
4386,112,2184
4387,112,2288
4388,112,2758
4389,112,2452
4390,112,2649
4391,1120,973
4392,1129,3047
4393,1138,2851
4394,1138,2098
4395,1138,2923
4396,1141,2391
4397,1141,3047
4398,1147,46
4399,1147,1277
4400,1147,2459
4401,1150,523
4402,1159,461
4403,1159,2098
4404,1162,1681
4405,1168,538
4406,1168,113
4407,1171,2078
4408,1171,2415
4409,1177,2098
4410,118,1071
4411,118,206
4412,118,2211
4413,118,2089
4414,118,2680
4415,118,2954
4416,118,2467
4417,118,2317
4418,1183,613
4419,1183,2098
4420,1186,2111
4421,1186,55
4422,1186,89
4423,1186,113
4424,1186,173
4425,1195,61
4426,1195,937
4427,1195,1872
4428,1195,353
4429,1195,2098
4430,1201,1681
4431,1207,1616
4432,121,1017
4433,1213,2098
4434,1216,1646
4435,1216,1486
4436,1216,1414
4437,1216,973
4438,1216,1266
4439,1216,2820
4440,1219,909
4441,1222,938
4442,1222,1142
4443,1225,640
4444,1225,854
4445,1231,2415
4446,1231,1083
4447,1234,2415
4448,1237,2098
4449,1240,1133
4450,1255,2098
4451,1258,2098
4452,1258,766
4453,1261,3004
4454,1264,1370
4455,127,1007
4456,127,419
4457,127,145
4458,1282,2223
4459,1282,973
4460,1285,584
4461,1285,520
4462,1285,532
4463,1285,2098
4464,1288,456
4465,1288,748
4466,1291,2674
4467,1297,606
4468,130,2035
4469,130,71
4470,130,1469
4471,130,910
4472,130,1117
4473,130,1429
4474,130,26
4475,130,1100
4476,130,178
4477,130,393
4478,130,1843
4479,130,1348
4480,130,44
4481,130,1210
4482,130,206
4483,130,2664
4484,130,2697
4485,130,2589
4486,130,2876
4487,130,2073
4488,130,2452
4489,130,2243
4490,130,2649
4491,130,2758
4492,1300,1645
4493,1300,1152
4494,1309,3038
4495,1318,2098
4496,1321,1364
4497,1321,1277
4498,133,2876
4499,133,3069
4500,133,2697
4501,133,2664
4502,133,2243
4503,133,2184
4504,133,2649
4505,133,2073
4506,133,2789
4507,133,2589
4508,133,2208
4509,133,2758
4510,133,2452
4511,133,2492
4512,133,1210
4513,133,1103
4514,133,44
4515,133,579
4516,133,1469
4517,133,1843
4518,133,1094
4519,133,71
4520,133,26
4521,133,393
4522,133,1429
4523,133,1117
4524,133,1954
4525,133,1348
4526,133,206
4527,133,2035
4528,133,178
4529,1330,1895
4530,1330,2788
4531,1342,973
4532,1342,1915
4533,1342,1413
4534,1345,1652
4535,1354,1721
4536,1354,674
4537,1354,2018
4538,1357,322
4539,136,579
4540,136,1469
4541,136,1094
4542,136,1954
4543,136,1210
4544,136,1429
4545,136,206
4546,136,1607
4547,136,178
4548,136,44
4549,136,26
4550,136,1435
4551,136,2035
4552,136,1617
4553,136,1348
4554,136,1117
4555,136,393
4556,136,1147
4557,136,71
4558,136,1049
4559,136,218
4560,136,1843
4561,136,2876
4562,136,2789
4563,136,2649
4564,136,2589
4565,136,2758
4566,136,2697
4567,136,2184
4568,136,2547
4569,136,2492
4570,136,2073
4571,136,3065
4572,136,2452
4573,136,2288
4574,136,2243
4575,136,2208
4576,1369,2666
4577,1384,120
4578,1384,31
4579,1384,2214
4580,1387,390
4581,139,1901
4582,139,237
4583,139,23
4584,139,65
4585,139,2667
4586,139,2240
4587,139,2664
4588,1390,823
4589,1393,2414
4590,1396,2974
4591,1399,2212
4592,1399,2424
4593,1399,1454
4594,1405,289
4595,1405,1393
4596,1405,374
4597,1414,741
4598,1417,2371
4599,1417,987
4600,142,284
4601,142,20
4602,142,480
4603,142,1348
4604,1438,3097
4605,1438,421
4606,1441,2024
4607,145,2789
4608,145,2697
4609,145,2184
4610,145,2680
4611,145,2758
4612,145,2073
4613,145,2492
4614,145,2589
4615,145,2876
4616,145,2452
4617,145,2649
4618,145,2208
4619,145,2243
4620,145,1100
4621,145,579
4622,145,206
4623,145,1954
4624,145,2035
4625,145,393
4626,145,1843
4627,145,1348
4628,145,1094
4629,145,501
4630,145,26
4631,145,1210
4632,145,178
4633,145,1117
4634,145,1429
4635,145,44
4636,145,71
4637,145,1790
4638,145,1469
4639,1453,383
4640,1471,2143
4641,1471,1925
4642,1471,1645
4643,1471,948
4644,1477,2214
4645,1477,2851
4646,148,1207
4647,148,1060
4648,148,2069
4649,148,393
4650,148,960
4651,148,206
4652,148,2317
4653,148,2452
4654,148,2105
4655,148,2901
4656,148,2577
4657,148,2089
4658,148,2954
4659,1480,2214
4660,1480,1234
4661,1483,2851
4662,1483,2111
4663,1486,1894
4664,1507,1175
4665,1507,514
4666,1507,2111
4667,151,1100
4668,151,491
4669,1510,870
4670,1513,485
4671,1513,590
4672,1513,407
4673,1519,317
4674,1534,530
4675,1537,517
4676,1537,142
4677,154,1499
4678,1540,2214
4679,1540,2921
4680,1546,1078
4681,1549,2214
4682,1549,2921
4683,1549,520
4684,1552,1274
4685,1552,1316
4686,1558,787
4687,1561,1183
4688,1564,409
4689,1564,3038
4690,1567,2881
4691,157,340
4692,157,52
4693,157,256
4694,157,1094
4695,157,2467
4696,157,2211
4697,1570,530
4698,1573,387
4699,1573,715
4700,1573,2183
4701,1573,2377
4702,1576,3038
4703,1585,973
4704,1594,1731
4705,1597,783
4706,16,1843
4707,160,579
4708,160,71
4709,160,146
4710,160,26
4711,160,1617
4712,160,1117
4713,160,2035
4714,160,1094
4715,160,480
4716,160,1210
4717,160,206
4718,160,52
4719,160,1429
4720,160,1843
4721,160,1435
4722,160,2452
4723,160,2243
4724,160,2288
4725,160,3065
4726,160,2624
4727,160,2184
4728,160,2697
4729,160,2492
4730,160,2589
4731,160,2073
4732,160,2789
4733,160,2876
4734,1600,3038
4735,1606,488
4736,1606,1393
4737,1615,1656
4738,1621,3038
4739,163,1607
4740,163,393
4741,163,1210
4742,163,248
4743,163,206
4744,163,1469
4745,163,2035
4746,163,44
4747,163,71
4748,163,26
4749,163,1429
4750,163,1117
4751,163,178
4752,163,1358
4753,163,1954
4754,163,1348
4755,163,1617
4756,163,34
4757,163,425
4758,163,1843
4759,163,1435
4760,163,1094
4761,163,579
4762,163,2228
4763,163,2876
4764,163,2492
4765,163,2697
4766,163,2208
4767,163,2758
4768,163,2789
4769,163,2589
4770,163,2452
4771,163,2243
4772,163,2288
4773,163,2856
4774,163,2073
4775,163,2184
4776,163,3065
4777,163,2649
4778,1633,973
4779,1633,834
4780,1633,1237
4781,1633,927
4782,166,1348
4783,166,393
4784,166,52
4785,166,2035
4786,166,579
4787,166,1469
4788,166,161
4789,166,26
4790,166,1094
4791,166,1210
4792,166,1429
4793,166,44
4794,166,1117
4795,166,71
4796,166,1843
4797,166,340
4798,166,178
4799,166,2758
4800,166,2184
4801,166,2467
4802,166,2243
4803,166,2211
4804,166,2697
4805,166,2208
4806,166,2789
4807,166,2649
4808,166,2073
4809,166,2589
4810,166,2492
4811,1660,1999
4812,1666,1324
4813,1669,2494
4814,1669,2458
4815,1672,3038
4816,1672,320
4817,1672,988
4818,1675,689
4819,1681,1454
4820,1681,2186
4821,1687,975
4822,1687,1615
4823,169,2211
4824,169,2256
4825,169,2248
4826,169,2467
4827,169,1239
4828,1696,758
4829,1696,2921
4830,1696,3038
4831,1699,3038
4832,1699,1581
4833,1702,872
4834,1711,3038
4835,1711,962
4836,1714,2818
4837,172,1357
4838,172,22
4839,172,663
4840,1726,2921
4841,1726,3038
4842,1726,595
4843,1729,2349
4844,1732,1339
4845,1738,741
4846,1741,2632
4847,1747,585
4848,1747,3038
4849,175,2697
4850,175,2589
4851,175,2649
4852,175,2184
4853,175,2492
4854,175,2243
4855,175,2208
4856,175,2758
4857,175,2211
4858,175,2073
4859,175,2452
4860,175,2789
4861,175,2876
4862,175,1843
4863,175,1348
4864,175,71
4865,175,44
4866,175,1210
4867,175,1094
4868,175,104
4869,175,579
4870,175,393
4871,175,206
4872,175,2035
4873,175,26
4874,175,29
4875,175,1429
4876,175,1117
4877,175,20
4878,175,178
4879,175,1469
4880,175,1954
4881,1762,2214
4882,1762,2921
4883,1765,1770
4884,1765,2003
4885,1765,294
4886,1771,514
4887,1771,1175
4888,1774,3041
4889,1777,2677
4890,1777,1077
4891,178,393
4892,178,1843
4893,178,1388
4894,178,1348
4895,178,2208
4896,178,2492
4897,178,2697
4898,178,2758
4899,178,2394
4900,178,2452
4901,178,2589
4902,1792,846
4903,1792,2670
4904,1795,3097
4905,1801,100
4906,1801,168
4907,1804,753
4908,1804,2137
4909,1807,1164
4910,181,1843
4911,181,2035
4912,181,119
4913,181,206
4914,181,775
4915,181,425
4916,181,1210
4917,181,965
4918,181,1429
4919,181,1348
4920,181,1901
4921,181,178
4922,181,44
4923,181,1094
4924,181,1117
4925,181,579
4926,181,26
4927,181,1469
4928,181,393
4929,181,71
4930,181,2649
4931,181,2397
4932,181,2452
4933,181,2758
4934,181,2073
4935,181,2876
4936,181,2697
4937,181,2492
4938,181,2737
4939,181,2789
4940,181,2208
4941,181,2243
4942,181,2589
4943,1810,2418
4944,1810,3097
4945,1813,2893
4946,1816,1504
4947,1822,2713
4948,1825,1205
4949,1825,831
4950,1825,3038
4951,1831,1345
4952,184,1155
4953,184,1100
4954,1840,2400
4955,1846,402
4956,1852,1951
4957,1852,2450
4958,1855,2377
4959,1855,667
4960,1855,387
4961,1855,281
4962,1855,715
4963,1858,1993
4964,1861,2820
4965,1861,1533
4966,1867,1394
4967,187,1883
4968,187,1032
4969,187,1440
4970,187,3
4971,187,503
4972,187,1447
4973,187,2721
4974,187,2856
4975,187,2735
4976,187,2073
4977,1879,1644
4978,1879,350
4979,1888,2003
4980,1888,2374
4981,1891,914
4982,1894,2276
4983,1894,1917
4984,1897,818
4985,19,1776
4986,19,96
4987,190,2126
4988,190,2350
4989,190,1061
4990,190,1955
4991,190,857
4992,190,19
4993,1900,796
4994,1906,2820
4995,1912,3097
4996,1915,1205
4997,1915,2269
4998,1915,3038
4999,1921,219
5000,1921,3038
5001,1924,156
5002,1927,3038
5003,1927,1205
5004,1927,1080
5005,193,27
5006,193,579
5007,193,2035
5008,193,1954
5009,193,178
5010,193,1469
5011,193,1117
5012,193,1843
5013,193,1094
5014,193,26
5015,193,71
5016,193,1210
5017,193,1348
5018,193,475
5019,193,393
5020,193,206
5021,193,44
5022,193,1429
5023,193,1323
5024,193,2589
5025,193,2208
5026,193,2243
5027,193,2452
5028,193,2492
5029,193,2721
5030,193,2789
5031,193,2697
5032,193,2073
5033,193,2184
5034,193,2649
5035,193,2758
5036,1930,3038
5037,1930,845
5038,1930,1205
5039,1933,2125
5040,1933,2838
5041,1945,414
5042,1945,3097
5043,1951,2269
5044,1951,3038
5045,1951,1205
5046,1954,1627
5047,1954,3097
5048,1957,2072
5049,196,241
5050,196,248
5051,196,1358
5052,196,111
5053,196,1954
5054,1960,2453
5055,1963,2205
5056,1963,1322
5057,1966,1137
5058,1969,3097
5059,1981,1340
5060,1984,973
5061,1984,2128
5062,199,163
5063,199,190
5064,199,2352
5065,1990,1327
5066,2005,1112
5067,2011,2786
5068,2011,2003
5069,2017,2114
5070,2017,2276
5071,202,2317
5072,202,3065
5073,202,2664
5074,202,2667
5075,202,2240
5076,202,2089
5077,202,2954
5078,202,65
5079,202,1901
5080,202,206
5081,2020,291
5082,2020,2269
5083,2029,2534
5084,2032,703
5085,2032,1951
5086,2032,2450
5087,2035,905
5088,2041,1964
5089,205,71
5090,205,2035
5091,205,393
5092,205,1094
5093,205,1348
5094,205,44
5095,205,480
5096,205,178
5097,205,1210
5098,205,1790
5099,205,206
5100,205,1117
5101,205,1843
5102,205,579
5103,205,26
5104,205,1429
5105,205,1469
5106,205,2758
5107,205,2243
5108,205,2184
5109,205,2073
5110,205,2876
5111,205,2208
5112,205,2789
5113,205,2492
5114,205,2649
5115,205,2589
5116,205,2697
5117,2050,3038
5118,2050,2269
5119,2050,1205
5120,2053,3038
5121,2053,2921
5122,2053,2341
5123,2056,2838
5124,2056,2262
5125,2062,3097
5126,2065,2209
5127,2068,2815
5128,2068,2223
5129,2077,2377
5130,2077,387
5131,2077,667
5132,2077,281
5133,208,1440
5134,208,1032
5135,208,1447
5136,208,3
5137,208,503
5138,208,1883
5139,208,2735
5140,208,2856
5141,208,3033
5142,2080,1604
5143,2080,1158
5144,2086,2269
5145,2086,698
5146,2086,258
5147,2086,1854
5148,2089,182
5149,2095,973
5150,2095,2497
5151,2101,244
5152,2101,2499
5153,211,1870
5154,211,1843
5155,211,1388
5156,211,1954
5157,211,393
5158,211,273
5159,211,1313
5160,211,1348
5161,211,2710
5162,211,2589
5163,211,2208
5164,211,2417
5165,211,2697
5166,211,2758
5167,211,2211
5168,211,2492
5169,2110,3038
5170,2113,1316
5171,2119,291
5172,2122,2269
5173,2122,1772
5174,2128,2813
5175,2134,205
5176,2134,1960
5177,2137,3097
5178,2137,619
5179,214,2208
5180,214,2452
5181,214,2073
5182,214,2758
5183,214,2697
5184,214,2184
5185,214,2243
5186,214,2789
5187,214,2649
5188,214,2876
5189,214,2589
5190,214,44
5191,214,71
5192,214,579
5193,214,1210
5194,214,1094
5195,214,393
5196,214,1348
5197,214,1429
5198,214,26
5199,214,206
5200,214,1453
5201,214,178
5202,214,1117
5203,214,1843
5204,214,1469
5205,214,2035
5206,214,1954
5207,2140,435
5208,2140,2269
5209,2143,711
5210,2143,671
5211,2146,1631
5212,2146,2359
5213,2149,1762
5214,217,393
5215,217,1870
5216,217,1361
5217,2176,1011
5218,2176,2499
5219,2176,2984
5220,2179,2834
5221,2182,1158
5222,2182,1604
5223,2188,662
5224,2191,1205
5225,2191,610
5226,2191,2323
5227,2197,1591
5228,22,577
5229,22,1446
5230,22,1100
5231,22,1633
5232,220,2876
5233,220,2649
5234,220,2073
5235,220,2492
5236,220,2789
5237,220,2243
5238,220,2184
5239,220,2758
5240,220,2697
5241,220,2452
5242,220,2208
5243,220,1251
5244,220,1117
5245,220,1094
5246,220,1348
5247,220,44
5248,220,26
5249,220,1429
5250,220,206
5251,220,2035
5252,220,393
5253,220,1469
5254,220,1210
5255,220,71
5256,220,1897
5257,220,579
5258,220,178
5259,220,1954
5260,220,1843
5261,2200,2644
5262,2203,1205
5263,2206,3038
5264,2206,1205
5265,2209,1653
5266,2215,334
5267,2221,973
5268,2221,2100
5269,2224,2670
5270,223,1870
5271,223,2035
5272,223,1706
5273,223,2721
5274,223,2073
5275,223,2657
5276,2233,2806
5277,2236,1079
5278,2242,557
5279,2245,1653
5280,2248,2730
5281,2248,2003
5282,2251,2269
5283,2254,962
5284,2257,2551
5285,226,2721
5286,226,3060
5287,226,2832
5288,226,58
5289,226,372
5290,226,453
5291,226,1583
5292,2266,2036
5293,2272,2643
5294,2281,568
5295,2284,1031
5296,229,1518
5297,2290,1378
5298,2290,2312
5299,2299,3038
5300,2302,2458
5301,2302,2820
5302,2308,2921
5303,2308,3038
5304,2308,698
5305,2308,258
5306,2308,1205
5307,2308,1854
5308,232,2667
5309,232,2467
5310,232,2664
5311,232,2211
5312,232,2248
5313,232,22
5314,232,1901
5315,232,2044
5316,2320,1145
5317,2320,1043
5318,2320,1556
5319,2320,2808
5320,2320,2187
5321,2323,2113
5322,2329,2107
5323,2329,1725
5324,2332,345
5325,2332,2641
5326,2335,2083
5327,2338,1205
5328,2338,354
5329,2338,3038
5330,2338,2269
5331,2341,2003
5332,2344,2820
5333,2347,1585
5334,235,1617
5335,235,1304
5336,235,1607
5337,235,2044
5338,235,2211
5339,235,2105
5340,235,2467
5341,235,2248
5342,235,2669
5343,235,3065
5344,2350,1680
5345,2353,1322
5346,2365,387
5347,2365,281
5348,2365,667
5349,2365,2269
5350,2368,1418
5351,2374,1568
5352,2374,3038
5353,2380,1702
5354,2380,1882
5355,2383,2611
5356,2383,923
5357,2386,2114
5358,2386,2190
5359,2386,2276
5360,2389,1205
5361,2392,259
5362,2398,973
5363,2401,1097
5364,2404,1741
5365,2404,309
5366,2404,2916
5367,2407,1046
5368,241,1480
5369,241,1607
5370,241,1617
5371,241,2467
5372,241,2547
5373,241,2211
5374,241,2894
5375,241,3065
5376,2410,1198
5377,2413,1592
5378,2413,1385
5379,2416,1734
5380,2419,2151
5381,2422,1129
5382,2428,3038
5383,2428,2269
5384,2428,1205
5385,2431,3097
5386,2431,619
5387,2434,185
5388,2437,121
5389,2437,658
5390,244,2284
5391,2440,2163
5392,2446,2003
5393,2446,1183
5394,2446,906
5395,2449,624
5396,2449,699
5397,2458,126
5398,2467,1619
5399,247,2721
5400,247,2105
5401,247,3069
5402,247,3082
5403,2473,839
5404,2476,1445
5405,2479,1677
5406,2488,2425
5407,2497,3097
5408,2497,2997
5409,2497,421
5410,25,140
5411,25,3031
5412,2500,2838
5413,2506,1445
5414,2509,1915
5415,2509,1413
5416,2512,1314
5417,2512,1514
5418,253,2860
5419,253,2284
5420,253,2735
5421,253,2329
5422,253,2721
5423,253,1286
5424,253,1207
5425,253,2014
5426,253,1388
5427,2530,860
5428,2530,884
5429,2533,899
5430,2536,884
5431,2542,1597
5432,2542,903
5433,2542,1750
5434,2542,440
5435,2545,1968
5436,2548,1330
5437,2548,1171
5438,2548,2207
5439,2560,1623
5440,2566,3037
5441,2566,1866
5442,2569,1548
5443,2572,2998
5444,2572,1562
5445,2572,1191
5446,2578,2946
5447,2578,2205
5448,2584,1880
5449,2587,1268
5450,2590,1522
5451,2602,2820
5452,2602,1474
5453,2602,973
5454,2608,2137
5455,2614,1819
5456,2614,1679
5457,2617,2206
5458,262,2758
5459,262,2208
5460,262,2452
5461,262,2697
5462,262,2492
5463,262,2467
5464,262,2589
5465,262,2361
5466,262,2211
5467,262,1239
5468,262,1358
5469,262,1388
5470,262,1348
5471,262,1843
5472,262,393
5473,2623,1763
5474,2626,749
5475,2629,210
5476,2632,2276
5477,2635,2269
5478,2638,3097
5479,2638,1222
5480,2641,649
5481,2644,3097
5482,2644,1764
5483,2647,421
5484,265,393
5485,265,1051
5486,265,1643
5487,2659,1054
5488,2662,306
5489,2668,627
5490,2668,646
5491,2668,729
5492,2677,2068
5493,268,22
5494,268,1901
5495,268,2044
5496,268,2467
5497,268,2667
5498,268,2211
5499,268,2248
5500,268,2664
5501,2689,1355
5502,2695,1205
5503,2695,2269
5504,2698,1978
5505,2704,624
5506,2704,699
5507,2707,1205
5508,271,1348
5509,271,1843
5510,271,1954
5511,271,393
5512,271,1388
5513,271,386
5514,271,2452
5515,271,2589
5516,271,2758
5517,271,2208
5518,271,2492
5519,271,2697
5520,2710,2703
5521,2713,1770
5522,2719,1508
5523,2722,1421
5524,2728,293
5525,2728,479
5526,2728,212
5527,2731,2255
5528,2731,977
5529,2737,1407
5530,274,2628
5531,274,277
5532,2740,1705
5533,2740,1816
5534,2746,1829
5535,2749,1508
5536,2752,1337
5537,2755,2172
5538,2758,2427
5539,2767,245
5540,277,1617
5541,277,1580
5542,277,1607
5543,277,2211
5544,277,3065
5545,277,2448
5546,277,2663
5547,2773,1205
5548,2773,2269
5549,2782,722
5550,2788,2437
5551,2788,983
5552,2797,610
5553,2797,1205
5554,280,1348
5555,280,1954
5556,280,393
5557,280,1388
5558,280,1843
5559,280,2758
5560,280,2697
5561,280,2492
5562,280,2452
5563,2800,1040
5564,2806,1702
5565,2806,1882
5566,2806,2736
5567,2812,1079
5568,2818,684
5569,2818,729
5570,2818,2270
5571,2824,37
5572,283,856
5573,283,3087
5574,2833,1554
5575,2836,303
5576,2836,421
5577,2836,1694
5578,2848,2719
5579,2848,1651
5580,2848,1767
5581,2854,226
5582,2857,2838
5583,286,1610
5584,286,393
5585,286,1348
5586,286,1686
5587,286,1864
5588,286,1954
5589,286,1843
5590,286,1388
5591,286,2397
5592,286,2667
5593,286,2589
5594,286,2317
5595,286,2089
5596,286,2208
5597,286,2737
5598,286,2758
5599,286,2954
5600,286,2697
5601,286,2664
5602,286,2492
5603,2863,1823
5604,2866,2206
5605,2881,2719
5606,2881,1767
5607,2881,1651
5608,2884,1946
5609,2887,2118
5610,289,480
5611,2890,2252
5612,2890,2197
5613,2890,1510
5614,2893,2252
5615,2893,2197
5616,2893,1510
5617,2899,3040
5618,2902,1406
5619,2911,942
5620,2914,1408
5621,292,1173
5622,292,545
5623,2920,847
5624,2920,1404
5625,2920,973
5626,2923,2312
5627,2923,1378
5628,2926,3010
5629,2929,1559
5630,2932,973
5631,2941,457
5632,2941,1977
5633,2944,1613
5634,2947,973
5635,2947,847
5636,2947,1404
5637,295,393
5638,295,371
5639,295,1843
5640,295,297
5641,295,209
5642,295,476
5643,295,1388
5644,295,1348
5645,295,2208
5646,295,2697
5647,295,2492
5648,295,2589
5649,295,2452
5650,295,2758
5651,2953,1006
5652,2956,1193
5653,2956,274
5654,2959,1481
5655,2962,657
5656,298,1388
5657,298,1843
5658,298,1954
5659,298,271
5660,298,1348
5661,298,2697
5662,298,3065
5663,298,2589
5664,298,2758
5665,298,2492
5666,298,2208
5667,298,2452
5668,2980,816
5669,2980,1075
5670,2983,1514
5671,2986,1332
5672,2989,1365
5673,2989,1510
5674,2995,1409
5675,2995,890
5676,2995,883
5677,2998,1127
5678,3004,2513
5679,301,1843
5680,301,393
5681,301,604
5682,301,1348
5683,301,1388
5684,301,2492
5685,301,2758
5686,301,2211
5687,301,2697
5688,301,2589
5689,301,2208
5690,301,2467
5691,3010,1975
5692,3010,600
5693,3010,2003
5694,3016,1719
5695,3019,1042
5696,3022,1510
5697,3022,1365
5698,3025,447
5699,3037,612
5700,304,344
5701,304,480
5702,3040,2316
5703,3046,2003
5704,3046,2204
5705,3049,2760
5706,3049,1698
5707,3049,1682
5708,3049,1841
5709,3055,2854
5710,3058,2584
5711,307,1348
5712,307,915
5713,307,1843
5714,307,1388
5715,307,393
5716,307,2697
5717,307,2758
5718,307,2492
5719,307,2208
5720,307,2452
5721,3073,1841
5722,3076,648
5723,3079,1023
5724,3082,555
5725,3085,1271
5726,3085,1696
5727,3091,1725
5728,3094,1667
5729,3094,569
5730,3094,2900
5731,31,1626
5732,310,2279
5733,3103,660
5734,3109,1073
5735,3112,348
5736,3115,1423
5737,3118,2610
5738,3118,1661
5739,3118,1821
5740,3121,1183
5741,3127,1741
5742,3127,1038
5743,313,2954
5744,313,2317
5745,313,2710
5746,313,1699
5747,3133,946
5748,3136,851
5749,3139,660
5750,3142,1073
5751,3145,609
5752,3145,484
5753,3145,2838
5754,3145,2853
5755,3148,1377
5756,3148,1318
5757,3148,971
5758,3151,309
5759,3157,1221
5760,316,503
5761,316,1447
5762,316,1109
5763,316,1883
5764,316,1032
5765,316,1440
5766,316,2735
5767,3160,338
5768,3163,2573
5769,3169,2853
5770,3169,2026
5771,3172,262
5772,3172,222
5773,3175,746
5774,3178,3097
5775,3178,451
5776,3181,2985
5777,3184,1065
5778,3184,1266
5779,319,1617
5780,319,1607
5781,319,3065
5782,3193,964
5783,3193,1181
5784,3193,2058
5785,3196,658
5786,3199,106
5787,3199,1365
5788,3202,293
5789,3202,212
5790,3205,1303
5791,3208,1124
5792,3211,991
5793,3211,1266
5794,3211,498
5795,3214,3077
5796,322,2589
5797,322,2697
5798,322,2452
5799,322,2758
5800,322,2492
5801,322,1388
5802,3223,2469
5803,3235,1458
5804,3235,2188
5805,325,943
5806,325,208
5807,325,525
5808,325,1388
5809,325,2492
5810,325,2452
5811,325,2758
5812,325,2697
5813,3253,2027
5814,328,943
5815,328,207
5816,331,1607
5817,331,1617
5818,331,195
5819,331,115
5820,331,1896
5821,331,3065
5822,334,122
5823,334,1388
5824,334,2697
5825,334,2492
5826,334,2589
5827,334,2452
5828,334,2758
5829,34,491
5830,34,1348
5831,34,41
5832,340,1388
5833,340,2758
5834,340,2518
5835,340,2452
5836,340,2697
5837,340,2492
5838,340,2589
5839,343,2492
5840,343,2208
5841,343,2758
5842,343,2589
5843,343,2696
5844,343,2697
5845,343,3065
5846,343,2452
5847,343,3061
5848,343,393
5849,343,1388
5850,343,1348
5851,343,1617
5852,343,1843
5853,343,1607
5854,346,2737
5855,346,2208
5856,346,2758
5857,346,2589
5858,346,2492
5859,346,2697
5860,346,2397
5861,346,3065
5862,346,1348
5863,346,273
5864,346,1607
5865,346,1897
5866,346,393
5867,346,1388
5868,346,1617
5869,346,1843
5870,349,1388
5871,349,1954
5872,349,943
5873,349,3090
5874,349,2697
5875,349,2589
5876,349,2492
5877,349,2758
5878,352,943
5879,352,1580
5880,352,81
5881,355,2954
5882,355,2317
5883,355,943
5884,355,318
5885,355,1954
5886,358,2753
5887,361,2136
5888,364,2894
5889,37,178
5890,37,1358
5891,37,1037
5892,37,65
5893,37,39
5894,37,1901
5895,37,23
5896,37,1567
5897,37,237
5898,37,478
5899,37,177
5900,37,2664
5901,37,2228
5902,37,2240
5903,37,2667
5904,37,2856
5905,370,2231
5906,370,2697
5907,370,2492
5908,370,2758
5909,370,2589
5910,370,362
5911,370,1388
5912,370,943
5913,370,683
5914,370,1954
5915,370,397
5916,373,1388
5917,373,2467
5918,373,2758
5919,373,2894
5920,373,2492
5921,373,2697
5922,373,2596
5923,376,1954
5924,376,1180
5925,376,1269
5926,376,943
5927,376,1388
5928,376,2492
5929,376,2697
5930,376,2589
5931,376,2758
5932,376,2452
5933,382,1492
5934,388,3065
5935,388,2596
5936,388,43
5937,388,943
5938,388,1617
5939,391,804
5940,391,943
5941,391,183
5942,394,1601
5943,394,943
5944,397,2596
5945,397,1388
5946,4,707
5947,4,163
5948,4,178
5949,4,1037
5950,4,66
5951,4,1095
5952,4,478
5953,4,1567
5954,4,197
5955,4,177
5956,4,13
5957,4,2856
5958,4,2228
5959,40,1617
5960,40,1607
5961,40,44
5962,40,1390
5963,40,638
5964,40,1435
5965,40,2288
5966,40,3065
5967,400,943
5968,400,522
5969,403,1388
5970,403,2353
5971,403,2697
5972,403,2589
5973,403,2474
5974,406,1742
5975,406,1954
5976,409,2139
5977,415,2011
5978,415,1388
5979,415,2467
5980,415,2758
5981,415,2452
5982,415,2697
5983,415,2589
5984,415,2492
5985,418,196
5986,418,943
5987,421,494
5988,421,481
5989,424,829
5990,424,943
5991,424,2954
5992,424,2975
5993,424,2089
5994,424,2317
5995,427,2894
5996,427,2616
5997,427,943
5998,43,559
5999,43,65
6000,43,1359
6001,43,1381
6002,43,50
6003,436,3033
6004,442,2231
6005,445,1306
6006,448,2474
6007,448,2589
6008,448,2697
6009,448,1617
6010,448,943
6011,451,1617
6012,451,2697
6013,451,2474
6014,451,2589
6015,451,2248
6016,451,2467
6017,454,943
6018,454,79
6019,454,1992
6020,457,2975
6021,457,1212
6022,46,1067
6023,46,1100
6024,460,2589
6025,460,2697
6026,460,2474
6027,460,1388
6028,460,1617
6029,463,2089
6030,463,2565
6031,469,2975
6032,469,87
6033,472,2954
6034,472,1462
6035,472,685
6036,475,1233
6037,475,1021
6038,481,2721
6039,481,695
6040,481,1388
6041,487,2589
6042,487,2697
6043,487,2474
6044,487,1617
6045,487,25
6046,487,1388
6047,487,943
6048,49,1539
6049,49,1348
6050,49,116
6051,490,362
6052,490,683
6053,490,1388
6054,490,943
6055,490,2589
6056,490,2697
6057,490,2474
6058,493,266
6059,493,742
6060,496,943
6061,502,2596
6062,502,2474
6063,505,2589
6064,505,2697
6065,505,2474
6066,505,1382
6067,505,1388
6068,508,943
6069,508,1617
6070,508,2158
6071,514,1223
6072,520,918
6073,520,200
6074,520,701
6075,520,2975
6076,523,2697
6077,523,2474
6078,523,943
6079,523,1388
6080,523,68
6081,526,943
6082,526,179
6083,532,337
6084,532,2979
6085,535,2576
6086,535,1453
6087,538,2697
6088,538,2616
6089,538,2589
6090,538,2474
6091,538,1388
6092,538,1865
6093,538,1788
6094,538,1944
6095,538,1072
6096,538,1494
6097,541,1388
6098,541,2474
6099,541,2697
6100,541,2589
6101,55,679
6102,55,1776
6103,550,2117
6104,550,2697
6105,550,2474
6106,550,2589
6107,550,2648
6108,550,2467
6109,550,1633
6110,550,1834
6111,550,1388
6112,553,2467
6113,553,2248
6114,556,626
6115,556,943
6116,559,1388
6117,559,943
6118,559,2709
6119,559,2474
6120,559,2589
6121,562,2467
6122,562,943
6123,562,668
6124,565,378
6125,565,635
6126,565,2518
6127,577,2906
6128,577,2098
6129,58,454
6130,58,1861
6131,583,2474
6132,583,2596
6133,583,308
6134,583,943
6135,583,1388
6136,583,92
6137,583,361
6138,583,516
6139,586,984
6140,592,1388
6141,592,1986
6142,592,2248
6143,592,2589
6144,592,2697
6145,592,2467
6146,592,2474
6147,595,2554
6148,601,2474
6149,601,2576
6150,601,2697
6151,601,2589
6152,601,1617
6153,61,2467
6154,61,2702
6155,610,1388
6156,610,470
6157,610,943
6158,610,2975
6159,610,2474
6160,613,285
6161,613,307
6162,613,943
6163,616,786
6164,619,448
6165,619,2975
6166,622,2248
6167,622,943
6168,622,573
6169,628,1798
6170,628,943
6171,634,2160
6172,637,2231
6173,64,1954
6174,64,304
6175,64,2735
6176,64,2789
6177,643,943
6178,643,266
6179,643,2231
6180,646,2474
6181,646,2596
6182,646,91
6183,646,943
6184,655,2975
6185,661,1775
6186,667,2220
6187,667,2474
6188,667,1388
6189,67,44
6190,67,26
6191,67,1094
6192,67,71
6193,67,1210
6194,67,1469
6195,67,579
6196,67,393
6197,67,1390
6198,67,1348
6199,67,1843
6200,67,332
6201,67,206
6202,67,227
6203,67,1117
6204,67,2035
6205,67,1429
6206,67,467
6207,67,178
6208,67,707
6209,67,2243
6210,67,2208
6211,67,2876
6212,67,2649
6213,67,2492
6214,67,2073
6215,67,2789
6216,67,2697
6217,67,2184
6218,67,2758
6219,673,2231
6220,676,2474
6221,676,1388
6222,682,2474
6223,682,2248
6224,682,1374
6225,682,1388
6226,688,1388
6227,688,943
6228,688,2474
6229,694,943
6230,694,1045
6231,694,1520
6232,697,2474
6233,697,1388
6234,7,101
6235,7,278
6236,7,1094
6237,7,26
6238,7,707
6239,7,44
6240,7,1429
6241,7,1954
6242,7,2035
6243,7,178
6244,7,332
6245,7,579
6246,7,1117
6247,7,206
6248,7,71
6249,7,393
6250,7,1390
6251,7,1348
6252,7,467
6253,7,1843
6254,7,1210
6255,7,1469
6256,7,2876
6257,7,2697
6258,7,2758
6259,7,2589
6260,7,2208
6261,7,2243
6262,7,2649
6263,7,2452
6264,7,2073
6265,7,2492
6266,7,2789
6267,7,2184
6268,70,2211
6269,70,248
6270,70,1100
6271,703,1944
6272,703,943
6273,703,1388
6274,703,2474
6275,706,943
6276,706,836
6277,709,1388
6278,709,943
6279,709,2474
6280,712,1388
6281,712,1064
6282,712,1632
6283,712,2474
6284,712,3047
6285,712,2248
6286,712,2613
6287,712,2415
6288,715,455
6289,715,1388
6290,718,2218
6291,724,2474
6292,724,1417
6293,724,1388
6294,727,1876
6295,727,1986
6296,727,1727
6297,727,3047
6298,727,2248
6299,727,2744
6300,73,166
6301,73,1359
6302,73,108
6303,730,2724
6304,730,943
6305,730,1309
6306,736,2474
6307,736,1388
6308,736,943
6309,736,253
6310,736,300
6311,739,1388
6312,739,60
6313,739,943
6314,739,79
6315,745,76
6316,745,940
6317,754,878
6318,76,1219
6319,760,1773
6320,760,2975
6321,769,446
6322,769,943
6323,772,2474
6324,772,2098
6325,772,2109
6326,772,943
6327,772,664
6328,775,2474
6329,775,1675
6330,775,465
6331,784,1301
6332,784,943
6333,79,1617
6334,79,1607
6335,79,1435
6336,79,1390
6337,79,44
6338,79,2288
6339,79,3065
6340,796,2112
6341,802,2671
6342,802,837
6343,808,468
6344,811,1050
6345,814,3047
6346,814,2915
6347,814,2474
6348,814,943
6349,814,1153
6350,817,2474
6351,817,2098
6352,817,2591
6353,82,1059
6354,82,676
6355,832,2474
6356,832,2098
6357,835,943
6358,835,2474
6359,838,2975
6360,838,943
6361,838,777
6362,841,2474
6363,841,2098
6364,844,716
6365,844,943
6366,844,937
6367,844,2098
6368,844,2474
6369,85,332
6370,85,71
6371,85,1469
6372,85,44
6373,85,178
6374,85,2035
6375,85,467
6376,85,579
6377,85,1954
6378,85,1210
6379,85,1429
6380,85,26
6381,85,1117
6382,85,206
6383,85,1843
6384,85,707
6385,85,1390
6386,85,1094
6387,85,393
6388,85,1348
6389,85,541
6390,85,2992
6391,85,2876
6392,85,2789
6393,85,2452
6394,85,2697
6395,85,2208
6396,85,2758
6397,85,2649
6398,85,2492
6399,85,2184
6400,85,2243
6401,85,2589
6402,85,2073
6403,850,692
6404,850,943
6405,856,2098
6406,856,2906
6407,859,2474
6408,859,2098
6409,862,125
6410,862,943
6411,865,943
6412,865,67
6413,868,3047
6414,868,1200
6415,877,2415
6416,877,459
6417,877,810
6418,877,307
6419,877,943
6420,877,285
6421,88,2073
6422,88,2876
6423,88,2208
6424,88,2452
6425,88,2789
6426,88,2649
6427,88,2589
6428,88,2758
6429,88,2697
6430,88,2184
6431,88,2492
6432,88,2243
6433,88,707
6434,88,2035
6435,88,2
6436,88,1469
6437,88,1348
6438,88,71
6439,88,393
6440,88,206
6441,88,1390
6442,88,1843
6443,88,27
6444,88,1117
6445,88,332
6446,88,467
6447,88,1429
6448,88,1954
6449,88,579
6450,88,178
6451,88,44
6452,88,1094
6453,88,1210
6454,88,26
6455,880,943
6456,883,2415
6457,886,2415
6458,889,2742
6459,889,2474
6460,889,2098
6461,889,943
6462,892,2363
6463,895,2415
6464,895,3047
6465,895,2098
6466,895,2474
6467,898,1425
6468,901,1200
6469,904,1444
6470,907,2576
6471,907,489
6472,907,299
6473,907,943
6474,91,393
6475,91,44
6476,91,1435
6477,91,1094
6478,91,2035
6479,91,1429
6480,91,1210
6481,91,467
6482,91,1117
6483,91,707
6484,91,178
6485,91,42
6486,91,1617
6487,91,26
6488,91,332
6489,91,1954
6490,91,1843
6491,91,1348
6492,91,1469
6493,91,1607
6494,91,1390
6495,91,71
6496,91,579
6497,91,2184
6498,91,2452
6499,91,2073
6500,91,2589
6501,91,2288
6502,91,2439
6503,91,2876
6504,91,2243
6505,91,2758
6506,91,2208
6507,91,3065
6508,913,2474
6509,913,2576
6510,913,2098
6511,913,943
6512,916,2576
6513,916,1487
6514,919,1451
6515,919,261
6516,919,776
6517,919,2231
6518,925,2746
6519,925,2003
6520,928,686
6521,928,943
6522,934,2576
6523,934,1811
6524,937,924
6525,937,596
6526,94,679
6527,94,1776
6528,940,1039
6529,940,3047
6530,943,1924
6531,946,548
6532,949,1295
6533,949,2098
6534,949,2474
6535,952,1875
6536,955,1178
6537,958,429
6538,958,529
6539,964,2474
6540,964,2098
6541,964,543
6542,964,261
6543,964,1374
6544,964,194
6545,967,369
6546,97,325
6547,97,2352
6548,970,2415
6549,970,515
6550,976,2098
6551,979,384
6552,982,902
6553,988,2675
6554,991,1228
6555,994,3097
6556,994,955
6557,997,586
6558,997,2742
6559,255,1300
6560,44,413
6561,1,1215
6562,1,449
6563,1,803
6564,1044,1475
6565,1016,558
6566,1047,986
6567,1004,474
6568,1009,61
6569,1040,762
6570,1002,138
6571,1013,1352
6572,109,2568
6573,109,367
6574,1062,534
6575,101,175
6576,1334,591
6577,1305,591
6578,2109,323
6579,230,88
6580,1048,2369
6581,142,284
6582,1172,1928
6583,2806,1882
6584,180,98
6585,1675,724
6586,1605,1189
6587,107,1325
6588,2115,1020
6589,1518,797
6590,110,1173
6591,2053,2341
6592,1671,1612
6593,1391,602
6594,2016,1014
6595,167,183
6596,1452,320
6597,2025,3059
6598,184,1643
6599,1197,2152
6600,1186,113
6601,1776,1048
6602,2438,1101
6603,2626,749
6604,2816,136
6605,1219,909
6606,1154,1416
6607,2689,1355
6608,228,329
6609,1038,939
6610,1317,748
6611,1349,1167
6612,253,2329
6613,370,362
6614,2361,1820
6615,2907,1902
6616,2972,1403
6617,2876,941
6618,2849,560
6619,489,422
6620,2042,1990
6621,2902,1406
6622,2081,360
6623,119,2289
6624,729,2661
6625,1697,838
6626,872,359
6627,1962,2513
6628,994,955
6629,1079,546
6630,539,2259
6631,2415,2085
6632,2046,820
6633,356,314
6634,628,1798
6635,1855,387
6636,3101,500
6637,1926,403
6638,1696,758
6639,1000,896
6640,281,1154
6641,2600,440
6642,1772,174
6643,195,1179
6644,163,183
6645,1338,948
6646,1280,2267
6647,2365,667
6648,300,466
6649,2747,2493
6650,2109,134
6651,3091,1725
6652,2434,185
6653,2631,2012
6654,2143,711
6655,1332,260
6656,1871,2562
6657,3054,1725
6658,2335,2083
6659,2673,1659
6660,2077,387
6661,469,87
6662,1932,1842
6663,2642,733
6664,929,2247
6665,1674,2775
6666,776,889
6667,235,1304
6668,1835,168
6669,846,550
6670,986,1208
6671,1570,530
6672,1631,1430
6673,1074,921
6674,3211,498
6675,3152,582
6676,1615,1656
6677,770,216
6678,2891,225
6679,3202,293
6680,324,308
6681,2041,1964
6682,418,196
6683,750,194
6684,2483,1171
6685,3194,498
6686,1943,2569
6687,2591,479
6688,2245,1213
6689,1117,1749
6690,328,207
6691,833,330
6692,2601,1145
6693,169,2256
6694,735,2474
6695,1338,1942
